day,entity,stream_type,segment_id,video_path,metadata_source_path,start_time,end_time,duration_seconds,time_parse_status,num_time_rows
DAY1,Allie,ego,08,main/day1/Allie/video/08.mp4,main/day1/Allie/metadata/08.AALP.csv,08:05:17.180,08:59:59.980,3282.800,ok,32829
DAY1,Allie,ego,09,main/day1/Allie/video/09.mp4,main/day1/Allie/metadata/09.AALP.csv,09:00:00.080,09:59:59.900,3599.820,ok,33948
DAY1,Allie,ego,10,main/day1/Allie/video/10.mp4,main/day1/Allie/metadata/10.AALP.csv,10:00:00.000,10:59:59.980,3599.980,ok,35100
DAY1,Allie,ego,11,main/day1/Allie/video/11.mp4,main/day1/Allie/metadata/11.AALP.csv,11:00:00.080,11:59:59.980,3599.900,ok,36000
DAY1,Allie,ego,12,main/day1/Allie/video/12.mp4,main/day1/Allie/metadata/12.AALP.csv,12:00:00.080,12:59:59.940,3599.860,ok,34937
DAY1,Allie,ego,13,main/day1/Allie/video/13.mp4,main/day1/Allie/metadata/13.AALP.csv,13:00:00.040,13:59:59.960,3599.920,ok,35106
DAY1,Allie,ego,14,main/day1/Allie/video/14.mp4,main/day1/Allie/metadata/14.AALP.csv,14:00:00.060,14:59:59.960,3599.900,ok,36000
DAY1,Allie,ego,15,main/day1/Allie/video/15.mp4,main/day1/Allie/metadata/15.AALP.csv,15:00:00.060,15:51:48.960,3108.900,ok,31090
DAY1,Allie,ego,18,main/day1/Allie/video/18.mp4,main/day1/Allie/metadata/18.AALP.csv,18:19:51.340,18:59:59.940,2408.600,ok,24087
DAY1,Allie,ego,19,main/day1/Allie/video/19.mp4,main/day1/Allie/metadata/19.AALP.csv,19:00:00.040,19:59:59.960,3599.920,ok,21482
DAY1,Allie,ego,20,main/day1/Allie/video/20.mp4,main/day1/Allie/metadata/20.AALP.csv,20:00:00.060,20:19:55.060,1195.000,ok,11951
DAY1,Bjorn,ego,08,main/day1/Bjorn/video/08.mp4,main/day1/Bjorn/metadata/08.AALP.csv,08:12:30.300,08:59:59.960,2849.660,ok,27124
DAY1,Bjorn,ego,09,main/day1/Bjorn/video/09.mp4,main/day1/Bjorn/metadata/09.AALP.csv,09:00:00.060,09:59:59.960,3599.900,ok,36000
DAY1,Bjorn,ego,10,main/day1/Bjorn/video/10.mp4,main/day1/Bjorn/metadata/10.AALP.csv,10:00:00.060,10:59:59.960,3599.900,ok,36000
DAY1,Bjorn,ego,11,main/day1/Bjorn/video/11.mp4,main/day1/Bjorn/metadata/11.AALP.csv,11:00:00.060,11:59:59.920,3599.860,ok,31595
DAY1,Bjorn,ego,12,main/day1/Bjorn/video/12.mp4,main/day1/Bjorn/metadata/12.AALP.csv,12:00:00.020,12:47:21.020,2841.000,ok,28411
DAY1,Bjorn,ego,13,main/day1/Bjorn/video/13.mp4,main/day1/Bjorn/metadata/13.AALP.csv,13:44:03.040,13:59:59.940,956.900,ok,9570
DAY1,Bjorn,ego,14,main/day1/Bjorn/video/14.mp4,main/day1/Bjorn/metadata/14.AALP.csv,14:00:00.040,14:59:59.980,3599.940,ok,31908
DAY1,Bjorn,ego,15,main/day1/Bjorn/video/15.mp4,main/day1/Bjorn/metadata/15.AALP.csv,15:00:00.080,15:59:59.980,3599.900,ok,36000
DAY1,Bjorn,ego,16,main/day1/Bjorn/video/16.mp4,main/day1/Bjorn/metadata/16.AALP.csv,16:00:00.080,16:11:44.020,703.940,ok,5662
DAY1,Bjorn,ego,17,main/day1/Bjorn/video/17.mp4,main/day1/Bjorn/metadata/17.AALP.csv,17:05:59.500,17:59:59.900,3240.400,ok,32405
DAY1,Bjorn,ego,18,main/day1/Bjorn/video/18.mp4,main/day1/Bjorn/metadata/18.AALP.csv,18:00:00.000,18:59:59.980,3599.980,ok,34789
DAY1,Bjorn,ego,19,main/day1/Bjorn/video/19.mp4,main/day1/Bjorn/metadata/19.AALP.csv,19:00:00.080,19:59:59.900,3599.820,ok,17584
DAY1,Bjorn,ego,20,main/day1/Bjorn/video/20.mp4,main/day1/Bjorn/metadata/20.AALP.csv,20:00:00.000,20:41:39.100,2499.100,ok,24992
DAY1,Cathal,ego,08,main/day1/Cathal/video/08.mp4,main/day1/Cathal/metadata/08.AALP.csv,08:06:03.640,08:59:59.980,3236.340,ok,28977
DAY1,Cathal,ego,09,main/day1/Cathal/video/09.mp4,main/day1/Cathal/metadata/09.AALP.csv,09:00:00.080,09:59:59.940,3599.860,ok,33571
DAY1,Cathal,ego,10,main/day1/Cathal/video/10.mp4,main/day1/Cathal/metadata/10.AALP.csv,10:00:00.040,10:59:59.940,3599.900,ok,36000
DAY1,Cathal,ego,11,main/day1/Cathal/video/11.mp4,main/day1/Cathal/metadata/11.AALP.csv,11:00:00.040,11:42:26.140,2546.100,ok,25462
DAY1,Cathal,ego,12,main/day1/Cathal/video/12.mp4,main/day1/Cathal/metadata/12.AALP.csv,12:13:40.420,12:59:59.920,2779.500,ok,27796
DAY1,Cathal,ego,13,main/day1/Cathal/video/13.mp4,main/day1/Cathal/metadata/13.AALP.csv,13:00:00.020,13:44:04.640,2644.620,ok,12014
DAY1,Cathal,ego,14,main/day1/Cathal/video/14.mp4,main/day1/Cathal/metadata/14.AALP.csv,14:14:08.040,14:59:59.940,2751.900,ok,27520
DAY1,Cathal,ego,15,main/day1/Cathal/video/15.mp4,main/day1/Cathal/metadata/15.AALP.csv,15:00:00.040,15:59:37.940,3577.900,ok,35780
DAY1,Cathal,ego,16,main/day1/Cathal/video/16.mp4,main/day1/Cathal/metadata/16.AALP.csv,16:02:34.740,16:59:59.980,3445.240,ok,6549
DAY1,Cathal,ego,17,main/day1/Cathal/video/17.mp4,main/day1/Cathal/metadata/17.AALP.csv,17:00:00.080,17:59:59.920,3599.840,ok,26964
DAY1,Cathal,ego,18,main/day1/Cathal/video/18.mp4,main/day1/Cathal/metadata/18.AALP.csv,18:00:00.020,18:59:59.940,3599.920,ok,35602
DAY1,Cathal,ego,19,main/day1/Cathal/video/19.mp4,main/day1/Cathal/metadata/19.AALP.csv,19:00:00.040,19:59:59.980,3599.940,ok,30314
DAY1,Cathal,ego,20,main/day1/Cathal/video/20.mp4,main/day1/Cathal/metadata/20.AALP.csv,20:00:00.080,20:41:46.080,2506.000,ok,25061
DAY1,Florian,ego,08,main/day1/Florian/video/08.mp4,main/day1/Florian/metadata/08.AALP.csv,08:18:45.760,08:59:59.960,2474.200,ok,24743
DAY1,Florian,ego,09,main/day1/Florian/video/09.mp4,main/day1/Florian/metadata/09.AALP.csv,09:00:00.060,09:59:59.960,3599.900,ok,36000
DAY1,Florian,ego,10,main/day1/Florian/video/10.mp4,main/day1/Florian/metadata/10.AALP.csv,10:00:00.060,10:59:59.960,3599.900,ok,36000
DAY1,Florian,ego,11,main/day1/Florian/video/11.mp4,main/day1/Florian/metadata/11.AALP.csv,11:00:00.060,11:59:59.940,3599.880,ok,32849
DAY1,Florian,ego,12,main/day1/Florian/video/12.mp4,main/day1/Florian/metadata/12.AALP.csv,12:00:00.040,12:59:59.940,3599.900,ok,36000
DAY1,Florian,ego,13,main/day1/Florian/video/13.mp4,main/day1/Florian/metadata/13.AALP.csv,13:00:00.040,13:59:59.940,3599.900,ok,34497
DAY1,Florian,ego,14,main/day1/Florian/video/14.mp4,main/day1/Florian/metadata/14.AALP.csv,14:00:00.040,14:59:59.960,3599.920,ok,34849
DAY1,Florian,ego,15,main/day1/Florian/video/15.mp4,main/day1/Florian/metadata/15.AALP.csv,15:00:00.060,15:59:59.960,3599.900,ok,36000
DAY1,Florian,ego,16,main/day1/Florian/video/16.mp4,main/day1/Florian/metadata/16.AALP.csv,16:00:00.060,16:59:59.940,3599.880,ok,34793
DAY1,Florian,ego,17,main/day1/Florian/video/17.mp4,main/day1/Florian/metadata/17.AALP.csv,17:00:00.040,17:59:59.940,3599.900,ok,36000
DAY1,Florian,ego,18,main/day1/Florian/video/18.mp4,main/day1/Florian/metadata/18.AALP.csv,18:00:00.040,18:59:59.940,3599.900,ok,35077
DAY1,Florian,ego,19,main/day1/Florian/video/19.mp4,main/day1/Florian/metadata/19.AALP.csv,19:00:00.040,19:56:37.140,3397.100,ok,33972
DAY1,Florian,ego,20,main/day1/Florian/video/20.mp4,main/day1/Florian/metadata/20.AALP.csv,20:10:47.160,20:41:41.060,1853.900,ok,18540
DAY1,Kitchen,static,08,main/day1/Kitchen/video/08.mp4,main/day1/Kitchen/metadata/08.AALP.csv,08:04:15.860,08:59:59.960,3344.100,ok,33442
DAY1,Kitchen,static,09,main/day1/Kitchen/video/09.mp4,main/day1/Kitchen/metadata/09.AALP.csv,09:00:00.060,09:59:59.960,3599.900,ok,36000
DAY1,Kitchen,static,10,main/day1/Kitchen/video/10.mp4,main/day1/Kitchen/metadata/10.AALP.csv,10:00:00.060,10:59:59.960,3599.900,ok,36000
DAY1,Kitchen,static,11,main/day1/Kitchen/video/11.mp4,main/day1/Kitchen/metadata/11.AALP.csv,11:00:00.060,11:59:59.960,3599.900,ok,36000
DAY1,Kitchen,static,12,main/day1/Kitchen/video/12.mp4,main/day1/Kitchen/metadata/12.AALP.csv,12:00:00.060,12:59:59.960,3599.900,ok,36000
DAY1,Kitchen,static,13,main/day1/Kitchen/video/13.mp4,main/day1/Kitchen/metadata/13.AALP.csv,13:00:00.060,13:59:59.960,3599.900,ok,36000
DAY1,Kitchen,static,14,main/day1/Kitchen/video/14.mp4,main/day1/Kitchen/metadata/14.AALP.csv,14:00:00.060,14:59:59.960,3599.900,ok,36000
DAY1,Kitchen,static,15,main/day1/Kitchen/video/15.mp4,main/day1/Kitchen/metadata/15.AALP.csv,15:00:00.060,15:59:59.960,3599.900,ok,36000
DAY1,Kitchen,static,16,main/day1/Kitchen/video/16.mp4,main/day1/Kitchen/metadata/16.AALP.csv,16:00:00.060,16:59:59.960,3599.900,ok,36000
DAY1,Kitchen,static,17,main/day1/Kitchen/video/17.mp4,main/day1/Kitchen/metadata/17.AALP.csv,17:00:00.060,17:59:59.960,3599.900,ok,36000
DAY1,Kitchen,static,18,main/day1/Kitchen/video/18.mp4,main/day1/Kitchen/metadata/18.AALP.csv,18:00:00.060,18:59:59.960,3599.900,ok,36000
DAY1,Kitchen,static,19,main/day1/Kitchen/video/19.mp4,main/day1/Kitchen/metadata/19.AALP.csv,19:00:00.060,19:59:59.960,3599.900,ok,36000
DAY1,Kitchen,static,20,main/day1/Kitchen/video/20.mp4,main/day1/Kitchen/metadata/20.AALP.csv,20:00:00.060,20:57:29.760,3449.700,ok,34498
DAY1,Klaus,ego,08,main/day1/Klaus/video/08.mp4,main/day1/Klaus/metadata/08.AALP.csv,08:05:18.220,08:59:59.920,3281.700,ok,32818
DAY1,Klaus,ego,09,main/day1/Klaus/video/09.mp4,main/day1/Klaus/metadata/09.AALP.csv,09:00:00.020,09:26:33.120,1593.100,ok,15932
DAY1,Klaus,ego,10,main/day1/Klaus/video/10.mp4,main/day1/Klaus/metadata/10.AALP.csv,10:03:54.740,10:59:59.940,3365.200,ok,33653
DAY1,Klaus,ego,11,main/day1/Klaus/video/11.mp4,main/day1/Klaus/metadata/11.AALP.csv,11:00:00.040,11:59:59.940,3599.900,ok,32103
DAY1,Klaus,ego,12,main/day1/Klaus/video/12.mp4,main/day1/Klaus/metadata/12.AALP.csv,12:00:00.040,12:58:55.960,3535.920,ok,33214
DAY1,Klaus,ego,13,main/day1/Klaus/video/13.mp4,main/day1/Klaus/metadata/13.AALP.csv,13:04:31.340,13:35:32.240,1860.900,ok,18610
DAY1,Klaus,ego,14,main/day1/Klaus/video/14.mp4,main/day1/Klaus/metadata/14.AALP.csv,14:11:24.140,14:59:59.940,2915.800,ok,29159
DAY1,Klaus,ego,15,main/day1/Klaus/video/15.mp4,main/day1/Klaus/metadata/15.AALP.csv,15:00:00.040,15:59:59.940,3599.900,ok,36000
DAY1,Klaus,ego,16,main/day1/Klaus/video/16.mp4,main/day1/Klaus/metadata/16.AALP.csv,16:00:00.040,16:59:59.920,3599.880,ok,31005
DAY1,Klaus,ego,17,main/day1/Klaus/video/17.mp4,main/day1/Klaus/metadata/17.AALP.csv,17:00:00.020,17:59:59.920,3599.900,ok,36000
DAY1,Klaus,ego,18,main/day1/Klaus/video/18.mp4,main/day1/Klaus/metadata/18.AALP.csv,18:00:00.020,18:12:49.520,769.500,ok,7696
DAY1,Living1,static,08,main/day1/Living1/video/08.mp4,main/day1/Living1/metadata/08.AALP.csv,08:06:57.440,08:59:59.940,3182.500,ok,31826
DAY1,Living1,static,09,main/day1/Living1/video/09.mp4,main/day1/Living1/metadata/09.AALP.csv,09:00:00.040,09:59:59.940,3599.900,ok,36000
DAY1,Living1,static,10,main/day1/Living1/video/10.mp4,main/day1/Living1/metadata/10.AALP.csv,10:00:00.040,10:59:59.940,3599.900,ok,36000
DAY1,Living1,static,11,main/day1/Living1/video/11.mp4,main/day1/Living1/metadata/11.AALP.csv,11:00:00.040,11:59:59.940,3599.900,ok,36000
DAY1,Living1,static,12,main/day1/Living1/video/12.mp4,main/day1/Living1/metadata/12.AALP.csv,12:00:00.040,12:59:59.940,3599.900,ok,36000
DAY1,Living1,static,13,main/day1/Living1/video/13.mp4,main/day1/Living1/metadata/13.AALP.csv,13:00:00.040,13:59:59.940,3599.900,ok,36000
DAY1,Living1,static,14,main/day1/Living1/video/14.mp4,main/day1/Living1/metadata/14.AALP.csv,14:00:00.040,14:59:59.940,3599.900,ok,36000
DAY1,Living1,static,15,main/day1/Living1/video/15.mp4,main/day1/Living1/metadata/15.AALP.csv,15:00:00.040,15:59:59.940,3599.900,ok,36000
DAY1,Living1,static,16,main/day1/Living1/video/16.mp4,main/day1/Living1/metadata/16.AALP.csv,16:00:00.040,16:59:59.940,3599.900,ok,36000
DAY1,Living1,static,17,main/day1/Living1/video/17.mp4,main/day1/Living1/metadata/17.AALP.csv,17:00:00.040,17:59:59.940,3599.900,ok,36000
DAY1,Living1,static,18,main/day1/Living1/video/18.mp4,main/day1/Living1/metadata/18.AALP.csv,18:00:00.040,18:59:59.940,3599.900,ok,36000
DAY1,Living1,static,19,main/day1/Living1/video/19.mp4,main/day1/Living1/metadata/19.AALP.csv,19:00:00.040,19:59:59.940,3599.900,ok,36000
DAY1,Living1,static,20,main/day1/Living1/video/20.mp4,main/day1/Living1/metadata/20.AALP.csv,20:00:00.040,20:55:44.340,3344.300,ok,33444
DAY1,Living2,static,08,main/day1/Living2/video/08.mp4,main/day1/Living2/metadata/08.AALP.csv,08:00:07.860,08:59:59.960,3592.100,ok,35922
DAY1,Living2,static,09,main/day1/Living2/video/09.mp4,main/day1/Living2/metadata/09.AALP.csv,09:00:00.060,09:59:59.960,3599.900,ok,36000
DAY1,Living2,static,10,main/day1/Living2/video/10.mp4,main/day1/Living2/metadata/10.AALP.csv,10:00:00.060,10:59:59.960,3599.900,ok,36000
DAY1,Living2,static,11,main/day1/Living2/video/11.mp4,main/day1/Living2/metadata/11.AALP.csv,11:00:00.060,11:59:59.960,3599.900,ok,36000
DAY1,Living2,static,12,main/day1/Living2/video/12.mp4,main/day1/Living2/metadata/12.AALP.csv,12:00:00.060,12:59:59.960,3599.900,ok,36000
DAY1,Living2,static,13,main/day1/Living2/video/13.mp4,main/day1/Living2/metadata/13.AALP.csv,13:00:00.060,13:59:59.960,3599.900,ok,36000
DAY1,Living2,static,14,main/day1/Living2/video/14.mp4,main/day1/Living2/metadata/14.AALP.csv,14:00:00.060,14:59:59.960,3599.900,ok,36000
DAY1,Living2,static,15,main/day1/Living2/video/15.mp4,main/day1/Living2/metadata/15.AALP.csv,15:00:00.060,15:59:59.960,3599.900,ok,36000
DAY1,Living2,static,16,main/day1/Living2/video/16.mp4,main/day1/Living2/metadata/16.AALP.csv,16:00:00.060,16:59:59.960,3599.900,ok,36000
DAY1,Living2,static,17,main/day1/Living2/video/17.mp4,main/day1/Living2/metadata/17.AALP.csv,17:00:00.060,17:59:59.960,3599.900,ok,36000
DAY1,Living2,static,18,main/day1/Living2/video/18.mp4,main/day1/Living2/metadata/18.AALP.csv,18:00:00.060,18:59:59.960,3599.900,ok,36000
DAY1,Living2,static,19,main/day1/Living2/video/19.mp4,main/day1/Living2/metadata/19.AALP.csv,19:00:00.060,19:59:59.960,3599.900,ok,36000
DAY1,Living2,static,20,main/day1/Living2/video/20.mp4,main/day1/Living2/metadata/20.AALP.csv,20:00:00.060,20:56:16.760,3376.700,ok,33768
DAY1,Luca,ego,08,main/day1/Luca/video/08.mp4,main/day1/Luca/metadata/08.AALP.csv,08:00:00.040,08:59:59.940,3599.900,ok,36000
DAY1,Luca,ego,09,main/day1/Luca/video/09.mp4,main/day1/Luca/metadata/09.AALP.csv,09:00:00.040,09:59:59.960,3599.920,ok,29119
DAY1,Luca,ego,10,main/day1/Luca/video/10.mp4,main/day1/Luca/metadata/10.AALP.csv,10:00:00.060,10:59:59.960,3599.900,ok,36000
DAY1,Luca,ego,11,main/day1/Luca/video/11.mp4,main/day1/Luca/metadata/11.AALP.csv,11:00:00.060,11:59:59.960,3599.900,ok,36000
DAY1,Luca,ego,12,main/day1/Luca/video/12.mp4,main/day1/Luca/metadata/12.AALP.csv,12:00:00.060,12:59:59.980,3599.920,ok,28069
DAY1,Luca,ego,13,main/day1/Luca/video/13.mp4,main/day1/Luca/metadata/13.AALP.csv,13:00:00.080,13:42:47.680,2567.600,ok,25677
DAY1,Luca,ego,14,main/day1/Luca/video/14.mp4,main/day1/Luca/metadata/14.AALP.csv,14:08:59.800,14:59:59.900,3060.100,ok,30602
DAY1,Luca,ego,15,main/day1/Luca/video/15.mp4,main/day1/Luca/metadata/15.AALP.csv,15:00:00.000,15:47:35.700,2855.700,ok,28558
DAY1,Luca,ego,17,main/day1/Luca/video/17.mp4,main/day1/Luca/metadata/17.AALP.csv,17:54:07.720,17:59:59.920,352.200,ok,3523
DAY1,Luca,ego,18,main/day1/Luca/video/18.mp4,main/day1/Luca/metadata/18.AALP.csv,18:00:00.020,18:59:59.920,3599.900,ok,36000
DAY1,Luca,ego,19,main/day1/Luca/video/19.mp4,main/day1/Luca/metadata/19.AALP.csv,19:00:00.020,19:46:19.460,2779.440,ok,26047
DAY1,Meeting,static,08,main/day1/Meeting/video/08.mp4,main/day1/Meeting/metadata/08.AALP.csv,08:03:41.900,08:59:59.900,3378.000,ok,33781
DAY1,Meeting,static,09,main/day1/Meeting/video/09.mp4,main/day1/Meeting/metadata/09.AALP.csv,09:00:00.000,09:59:59.900,3599.900,ok,36000
DAY1,Meeting,static,10,main/day1/Meeting/video/10.mp4,main/day1/Meeting/metadata/10.AALP.csv,10:00:00.000,10:59:59.900,3599.900,ok,36000
DAY1,Meeting,static,11,main/day1/Meeting/video/11.mp4,main/day1/Meeting/metadata/11.AALP.csv,11:00:00.000,11:59:59.900,3599.900,ok,36000
DAY1,Meeting,static,12,main/day1/Meeting/video/12.mp4,main/day1/Meeting/metadata/12.AALP.csv,12:00:00.000,12:59:59.900,3599.900,ok,36000
DAY1,Meeting,static,13,main/day1/Meeting/video/13.mp4,main/day1/Meeting/metadata/13.AALP.csv,13:00:00.000,13:59:59.900,3599.900,ok,36000
DAY1,Meeting,static,14,main/day1/Meeting/video/14.mp4,main/day1/Meeting/metadata/14.AALP.csv,14:00:00.000,14:59:59.900,3599.900,ok,36000
DAY1,Meeting,static,15,main/day1/Meeting/video/15.mp4,main/day1/Meeting/metadata/15.AALP.csv,15:00:00.000,15:59:59.900,3599.900,ok,36000
DAY1,Meeting,static,16,main/day1/Meeting/video/16.mp4,main/day1/Meeting/metadata/16.AALP.csv,16:00:00.000,16:59:59.900,3599.900,ok,36000
DAY1,Meeting,static,17,main/day1/Meeting/video/17.mp4,main/day1/Meeting/metadata/17.AALP.csv,17:00:00.000,17:59:59.900,3599.900,ok,36000
DAY1,Meeting,static,18,main/day1/Meeting/video/18.mp4,main/day1/Meeting/metadata/18.AALP.csv,18:00:00.000,18:59:59.900,3599.900,ok,36000
DAY1,Meeting,static,19,main/day1/Meeting/video/19.mp4,main/day1/Meeting/metadata/19.AALP.csv,19:00:00.000,19:59:59.900,3599.900,ok,36000
DAY1,Meeting,static,20,main/day1/Meeting/video/20.mp4,main/day1/Meeting/metadata/20.AALP.csv,20:00:00.000,20:54:53.800,3293.800,ok,32939
DAY1,Onanong,ego,08,main/day1/Onanong/video/08.mp4,main/day1/Onanong/metadata/08.ACCL.csv,08:38:42.260,08:59:59.996,1277.736,ok,251756
DAY1,Onanong,ego,09,main/day1/Onanong/video/09.mp4,main/day1/Onanong/metadata/09.ACCL.csv,09:00:00.001,09:59:59.997,3599.996,ok,666727
DAY1,Onanong,ego,10,main/day1/Onanong/video/10.mp4,main/day1/Onanong/metadata/10.AALP.csv,10:00:00.000,10:59:59.900,3599.900,ok,36000
DAY1,Onanong,ego,11,main/day1/Onanong/video/11.mp4,main/day1/Onanong/metadata/11.AALP.csv,11:00:00.000,11:59:59.900,3599.900,ok,36000
DAY1,Onanong,ego,12,main/day1/Onanong/video/12.mp4,main/day1/Onanong/metadata/12.AALP.csv,12:00:00.000,12:59:59.900,3599.900,ok,36000
DAY1,Onanong,ego,13,main/day1/Onanong/video/13.mp4,main/day1/Onanong/metadata/13.AALP.csv,13:00:00.000,13:59:59.920,3599.920,ok,31535
DAY1,Onanong,ego,14,main/day1/Onanong/video/14.mp4,main/day1/Onanong/metadata/14.AALP.csv,14:00:00.020,14:59:59.920,3599.900,ok,34857
DAY1,Onanong,ego,15,main/day1/Onanong/video/15.mp4,main/day1/Onanong/metadata/15.AALP.csv,15:00:00.020,15:46:09.920,2769.900,ok,27700
DAY1,Onanong,ego,16,main/day1/Onanong/video/16.mp4,main/day1/Onanong/metadata/16.AALP.csv,16:20:51.040,16:59:59.980,2348.940,ok,17445
DAY1,Onanong,ego,17,main/day1/Onanong/video/17.mp4,main/day1/Onanong/metadata/17.AALP.csv,17:00:00.080,17:59:59.920,3599.840,ok,35689
DAY1,Onanong,ego,18,main/day1/Onanong/video/18.mp4,main/day1/Onanong/metadata/18.AALP.csv,18:00:00.020,18:59:59.920,3599.900,ok,36000
DAY1,Onanong,ego,19,main/day1/Onanong/video/19.mp4,main/day1/Onanong/metadata/19.AALP.csv,19:00:00.020,19:59:59.900,3599.880,ok,31329
DAY1,Onanong,ego,20,main/day1/Onanong/video/20.mp4,main/day1/Onanong/metadata/20.AALP.csv,20:00:00.000,20:01:33.600,93.600,ok,937
DAY1,Reading,static,09,main/day1/Reading/video/09.mp4,main/day1/Reading/metadata/09.AALP.csv,09:52:43.340,09:59:59.940,436.600,ok,4367
DAY1,Reading,static,10,main/day1/Reading/video/10.mp4,main/day1/Reading/metadata/10.AALP.csv,10:00:00.040,10:59:59.940,3599.900,ok,36000
DAY1,Reading,static,11,main/day1/Reading/video/11.mp4,main/day1/Reading/metadata/11.AALP.csv,11:00:00.040,11:59:59.940,3599.900,ok,36000
DAY1,Reading,static,12,main/day1/Reading/video/12.mp4,main/day1/Reading/metadata/12.AALP.csv,12:00:00.040,12:59:59.940,3599.900,ok,36000
DAY1,Reading,static,13,main/day1/Reading/video/13.mp4,main/day1/Reading/metadata/13.AALP.csv,13:00:00.040,13:59:59.940,3599.900,ok,36000
DAY1,Reading,static,14,main/day1/Reading/video/14.mp4,main/day1/Reading/metadata/14.AALP.csv,14:00:00.040,14:59:59.940,3599.900,ok,36000
DAY1,Reading,static,15,main/day1/Reading/video/15.mp4,main/day1/Reading/metadata/15.AALP.csv,15:00:00.040,15:59:59.940,3599.900,ok,36000
DAY1,Reading,static,16,main/day1/Reading/video/16.mp4,main/day1/Reading/metadata/16.AALP.csv,16:00:00.040,16:59:59.940,3599.900,ok,36000
DAY1,Reading,static,17,main/day1/Reading/video/17.mp4,main/day1/Reading/metadata/17.AALP.csv,17:00:00.040,17:59:59.940,3599.900,ok,36000
DAY1,Reading,static,18,main/day1/Reading/video/18.mp4,main/day1/Reading/metadata/18.AALP.csv,18:00:00.040,18:40:18.240,2418.200,ok,24183
DAY1,Stevan,ego,08,main/day1/Stevan/video/08.mp4,main/day1/Stevan/metadata/08.AALP.csv,08:04:14.440,08:59:59.940,3345.500,ok,33456
DAY1,Stevan,ego,09,main/day1/Stevan/video/09.mp4,main/day1/Stevan/metadata/09.AALP.csv,09:00:00.040,09:59:59.920,3599.880,ok,30952
DAY1,Stevan,ego,10,main/day1/Stevan/video/10.mp4,main/day1/Stevan/metadata/10.AALP.csv,10:00:00.020,10:59:59.980,3599.960,ok,35350
DAY1,Stevan,ego,11,main/day1/Stevan/video/11.mp4,main/day1/Stevan/metadata/11.AALP.csv,11:00:00.080,11:59:59.980,3599.900,ok,34880
DAY1,Stevan,ego,12,main/day1/Stevan/video/12.mp4,main/day1/Stevan/metadata/12.AALP.csv,12:00:00.080,12:59:59.960,3599.880,ok,33069
DAY1,Stevan,ego,13,main/day1/Stevan/video/13.mp4,main/day1/Stevan/metadata/13.AALP.csv,13:00:00.060,13:59:59.960,3599.900,ok,36000
DAY1,Stevan,ego,14,main/day1/Stevan/video/14.mp4,main/day1/Stevan/metadata/14.AALP.csv,14:00:00.060,14:50:06.260,3006.200,ok,30063
DAY1,Stevan,ego,17,main/day1/Stevan/video/17.mp4,main/day1/Stevan/metadata/17.AALP.csv,17:16:40.460,17:59:59.960,2599.500,ok,25996
DAY1,Stevan,ego,18,main/day1/Stevan/video/18.mp4,main/day1/Stevan/metadata/18.AALP.csv,18:00:00.060,18:59:59.960,3599.900,ok,36000
DAY1,Stevan,ego,19,main/day1/Stevan/video/19.mp4,main/day1/Stevan/metadata/19.AALP.csv,19:00:00.060,19:37:18.120,2238.060,ok,20734
DAY1,Tien,ego,08,main/day1/Tien/video/08.mp4,main/day1/Tien/metadata/08.AALP.csv,08:02:19.780,08:59:59.900,3460.120,ok,34502
DAY1,Tien,ego,09,main/day1/Tien/video/09.mp4,main/day1/Tien/metadata/09.AALP.csv,09:00:00.000,09:59:59.920,3599.920,ok,33616
DAY1,Tien,ego,10,main/day1/Tien/video/10.mp4,main/day1/Tien/metadata/10.AALP.csv,10:00:00.020,10:59:59.920,3599.900,ok,36000
DAY1,Tien,ego,11,main/day1/Tien/video/11.mp4,main/day1/Tien/metadata/11.AALP.csv,11:00:00.020,11:59:59.920,3599.900,ok,36000
DAY1,Tien,ego,12,main/day1/Tien/video/12.mp4,main/day1/Tien/metadata/12.AALP.csv,12:00:00.020,12:59:59.900,3599.880,ok,30715
DAY1,Tien,ego,13,main/day1/Tien/video/13.mp4,main/day1/Tien/metadata/13.AALP.csv,13:00:00.000,13:59:59.900,3599.900,ok,36000
DAY1,Tien,ego,14,main/day1/Tien/video/14.mp4,main/day1/Tien/metadata/14.AALP.csv,14:00:00.000,14:59:59.980,3599.980,ok,35828
DAY1,Tien,ego,15,main/day1/Tien/video/15.mp4,main/day1/Tien/metadata/15.AALP.csv,15:00:00.080,15:50:55.600,3055.520,ok,16069
DAY1,Tien,ego,17,main/day1/Tien/video/17.mp4,main/day1/Tien/metadata/17.AALP.csv,17:01:21.140,17:44:19.040,2577.900,ok,25780
DAY1,Tien,ego,18,main/day1/Tien/video/18.mp4,main/day1/Tien/metadata/18.AALP.csv,18:48:04.840,18:59:59.940,715.100,ok,7152
DAY1,Tien,ego,19,main/day1/Tien/video/19.mp4,main/day1/Tien/metadata/19.AALP.csv,19:00:00.040,19:40:24.740,2424.700,ok,24248
DAY1,Werner,ego,08,main/day1/Werner/video/08.mp4,main/day1/Werner/metadata/08.AALP.csv,08:02:41.320,08:59:59.920,3438.600,ok,32399
DAY1,Werner,ego,09,main/day1/Werner/video/09.mp4,main/day1/Werner/metadata/09.AALP.csv,09:00:00.020,09:57:40.020,3460.000,ok,34601
DAY1,Werner,ego,10,main/day1/Werner/video/10.mp4,main/day1/Werner/metadata/10.AALP.csv,10:02:29.260,10:59:59.960,3450.700,ok,34508
DAY1,Werner,ego,11,main/day1/Werner/video/11.mp4,main/day1/Werner/metadata/11.AALP.csv,11:00:00.060,11:51:02.160,3062.100,ok,30622
DAY1,Werner,ego,12,main/day1/Werner/video/12.mp4,main/day1/Werner/metadata/12.AALP.csv,12:15:52.340,12:59:59.940,2647.600,ok,26477
DAY1,Werner,ego,13,main/day1/Werner/video/13.mp4,main/day1/Werner/metadata/13.AALP.csv,13:00:00.040,13:59:59.940,3599.900,ok,36000
DAY1,Werner,ego,14,main/day1/Werner/video/14.mp4,main/day1/Werner/metadata/14.AALP.csv,14:00:00.040,14:59:59.940,3599.900,ok,36000
DAY1,Werner,ego,15,main/day1/Werner/video/15.mp4,main/day1/Werner/metadata/15.AALP.csv,15:00:00.040,15:46:50.240,2810.200,ok,28103
DAY1,Werner,ego,16,main/day1/Werner/video/16.mp4,main/day1/Werner/metadata/16.AALP.csv,16:13:27.120,16:59:59.920,2792.800,ok,27929
DAY1,Werner,ego,17,main/day1/Werner/video/17.mp4,main/day1/Werner/metadata/17.AALP.csv,17:00:00.020,17:59:59.900,3599.880,ok,35046
DAY1,Werner,ego,18,main/day1/Werner/video/18.mp4,main/day1/Werner/metadata/18.AALP.csv,18:00:00.000,18:59:59.980,3599.980,ok,34715
DAY1,Werner,ego,19,main/day1/Werner/video/19.mp4,main/day1/Werner/metadata/19.AALP.csv,19:00:00.080,19:55:39.980,3339.900,ok,33400
DAY1,Werner,ego,20,main/day1/Werner/video/20.mp4,main/day1/Werner/metadata/20.AALP.csv,20:02:25.440,20:43:19.340,2453.900,ok,24540
DAY2,Allie,ego,14,main/day2/Allie/video/14.mp4,main/day2/Allie/metadata/14.AALP.csv,14:00:00.040,14:59:59.960,3599.920,ok,27884
DAY2,Allie,ego,15,main/day2/Allie/video/15.mp4,main/day2/Allie/metadata/15.AALP.csv,15:00:00.060,15:59:59.960,3599.900,ok,36000
DAY2,Allie,ego,16,main/day2/Allie/video/16.mp4,main/day2/Allie/metadata/16.AALP.csv,16:00:00.060,16:55:50.760,3350.700,ok,33508
DAY2,Allie,ego,18,main/day2/Allie/video/18.mp4,main/day2/Allie/metadata/18.AALP.csv,18:00:00.020,18:59:59.960,3599.940,ok,29647
DAY2,Allie,ego,19,main/day2/Allie/video/19.mp4,main/day2/Allie/metadata/19.AALP.csv,19:00:00.060,19:59:59.900,3599.840,ok,35262
DAY2,Bjorn,ego,10,main/day2/Bjorn/video/10.mp4,main/day2/Bjorn/metadata/10.AALP.csv,10:12:20.780,10:59:59.940,2859.160,ok,28223
DAY2,Bjorn,ego,11,main/day2/Bjorn/video/11.mp4,main/day2/Bjorn/metadata/11.AALP.csv,11:00:00.040,11:59:59.980,3599.940,ok,35081
DAY2,Bjorn,ego,12,main/day2/Bjorn/video/12.mp4,main/day2/Bjorn/metadata/12.AALP.csv,12:00:00.080,12:52:58.580,3178.500,ok,31786
DAY2,Bjorn,ego,14,main/day2/Bjorn/video/14.mp4,main/day2/Bjorn/metadata/14.AALP.csv,14:08:26.420,14:59:59.960,3093.540,ok,29097
DAY2,Bjorn,ego,15,main/day2/Bjorn/video/15.mp4,main/day2/Bjorn/metadata/15.AALP.csv,15:00:00.060,15:59:59.940,3599.880,ok,29940
DAY2,Bjorn,ego,16,main/day2/Bjorn/video/16.mp4,main/day2/Bjorn/metadata/16.AALP.csv,16:00:00.040,16:59:59.980,3599.940,ok,29858
DAY2,Bjorn,ego,17,main/day2/Bjorn/video/17.mp4,main/day2/Bjorn/metadata/17.AALP.csv,17:00:00.080,17:59:59.980,3599.900,ok,30930
DAY2,Bjorn,ego,18,main/day2/Bjorn/video/18.mp4,main/day2/Bjorn/metadata/18.AALP.csv,18:00:00.080,18:59:59.980,3599.900,ok,36000
DAY2,Bjorn,ego,19,main/day2/Bjorn/video/19.mp4,main/day2/Bjorn/metadata/19.AALP.csv,19:00:00.080,19:59:59.980,3599.900,ok,36000
DAY2,Bjorn,ego,20,main/day2/Bjorn/video/20.mp4,main/day2/Bjorn/metadata/20.AALP.csv,20:00:00.080,20:12:48.480,768.400,ok,7685
DAY2,Cathal,ego,10,main/day2/Cathal/video/10.mp4,main/day2/Cathal/metadata/10.AALP.csv,10:18:06.860,10:59:59.960,2513.100,ok,25132
DAY2,Cathal,ego,11,main/day2/Cathal/video/11.mp4,main/day2/Cathal/metadata/11.AALP.csv,11:00:00.060,11:59:59.960,3599.900,ok,33850
DAY2,Cathal,ego,12,main/day2/Cathal/video/12.mp4,main/day2/Cathal/metadata/12.AALP.csv,12:00:00.060,12:59:59.960,3599.900,ok,36000
DAY2,Cathal,ego,13,main/day2/Cathal/video/13.mp4,main/day2/Cathal/metadata/13.AALP.csv,13:00:00.060,13:59:59.960,3599.900,ok,36000
DAY2,Cathal,ego,14,main/day2/Cathal/video/14.mp4,main/day2/Cathal/metadata/14.AALP.csv,14:00:00.060,14:35:25.760,2125.700,ok,21258
DAY2,Cathal,ego,16,main/day2/Cathal/video/16.mp4,main/day2/Cathal/metadata/16.AALP.csv,16:32:30.500,16:59:59.940,1649.440,ok,16001
DAY2,Cathal,ego,17,main/day2/Cathal/video/17.mp4,main/day2/Cathal/metadata/17.AALP.csv,17:00:00.040,17:59:59.940,3599.900,ok,36000
DAY2,Cathal,ego,18,main/day2/Cathal/video/18.mp4,main/day2/Cathal/metadata/18.AALP.csv,18:00:00.040,18:59:59.940,3599.900,ok,36000
DAY2,Cathal,ego,19,main/day2/Cathal/video/19.mp4,main/day2/Cathal/metadata/19.AALP.csv,19:00:00.040,19:59:59.920,3599.880,ok,35160
DAY2,Cathal,ego,20,main/day2/Cathal/video/20.mp4,main/day2/Cathal/metadata/20.AALP.csv,20:00:00.020,20:59:59.920,3599.900,ok,36000
DAY2,Florian,ego,09,main/day2/Florian/video/09.mp4,main/day2/Florian/metadata/09.AALP.csv,09:23:55.080,09:59:59.980,2164.900,ok,21650
DAY2,Florian,ego,10,main/day2/Florian/video/10.mp4,main/day2/Florian/metadata/10.AALP.csv,10:00:00.080,10:59:59.920,3599.840,ok,31761
DAY2,Florian,ego,11,main/day2/Florian/video/11.mp4,main/day2/Florian/metadata/11.AALP.csv,11:00:00.020,11:59:59.940,3599.920,ok,33828
DAY2,Florian,ego,12,main/day2/Florian/video/12.mp4,main/day2/Florian/metadata/12.AALP.csv,12:00:00.040,12:54:35.980,3275.940,ok,31861
DAY2,Florian,ego,13,main/day2/Florian/video/13.mp4,main/day2/Florian/metadata/13.AALP.csv,13:05:53.100,13:59:59.900,3246.800,ok,32469
DAY2,Florian,ego,14,main/day2/Florian/video/14.mp4,main/day2/Florian/metadata/14.AALP.csv,14:00:00.000,14:59:59.920,3599.920,ok,34246
DAY2,Florian,ego,15,main/day2/Florian/video/15.mp4,main/day2/Florian/metadata/15.AALP.csv,15:00:00.020,15:59:59.960,3599.940,ok,34610
DAY2,Florian,ego,16,main/day2/Florian/video/16.mp4,main/day2/Florian/metadata/16.AALP.csv,16:00:00.060,16:59:59.960,3599.900,ok,36000
DAY2,Florian,ego,17,main/day2/Florian/video/17.mp4,main/day2/Florian/metadata/17.AALP.csv,17:00:00.060,17:59:59.980,3599.920,ok,35222
DAY2,Florian,ego,18,main/day2/Florian/video/18.mp4,main/day2/Florian/metadata/18.AALP.csv,18:00:00.080,18:59:59.900,3599.820,ok,35018
DAY2,Florian,ego,19,main/day2/Florian/video/19.mp4,main/day2/Florian/metadata/19.AALP.csv,19:00:00.000,19:59:59.960,3599.960,ok,24170
DAY2,Florian,ego,20,main/day2/Florian/video/20.mp4,main/day2/Florian/metadata/20.AALP.csv,20:00:00.060,20:59:59.960,3599.900,ok,36000
DAY2,Kitchen,static,08,main/day2/Kitchen/video/08.mp4,main/day2/Kitchen/metadata/08.AALP.csv,08:06:01.900,08:59:59.900,3238.000,ok,32381
DAY2,Kitchen,static,09,main/day2/Kitchen/video/09.mp4,main/day2/Kitchen/metadata/09.AALP.csv,09:00:00.000,09:59:59.900,3599.900,ok,36000
DAY2,Kitchen,static,10,main/day2/Kitchen/video/10.mp4,main/day2/Kitchen/metadata/10.AALP.csv,10:00:00.000,10:59:59.900,3599.900,ok,36000
DAY2,Kitchen,static,11,main/day2/Kitchen/video/11.mp4,main/day2/Kitchen/metadata/11.AALP.csv,11:00:00.000,11:59:59.900,3599.900,ok,36000
DAY2,Kitchen,static,12,main/day2/Kitchen/video/12.mp4,main/day2/Kitchen/metadata/12.AALP.csv,12:00:00.000,12:59:59.900,3599.900,ok,36000
DAY2,Kitchen,static,13,main/day2/Kitchen/video/13.mp4,main/day2/Kitchen/metadata/13.AALP.csv,13:00:00.000,13:59:59.900,3599.900,ok,36000
DAY2,Kitchen,static,14,main/day2/Kitchen/video/14.mp4,main/day2/Kitchen/metadata/14.AALP.csv,14:00:00.000,14:59:59.900,3599.900,ok,36000
DAY2,Kitchen,static,15,main/day2/Kitchen/video/15.mp4,main/day2/Kitchen/metadata/15.AALP.csv,15:00:00.000,15:59:59.900,3599.900,ok,36000
DAY2,Kitchen,static,16,main/day2/Kitchen/video/16.mp4,main/day2/Kitchen/metadata/16.AALP.csv,16:00:00.000,16:59:59.900,3599.900,ok,36000
DAY2,Kitchen,static,17,main/day2/Kitchen/video/17.mp4,main/day2/Kitchen/metadata/17.AALP.csv,17:00:00.000,17:59:59.900,3599.900,ok,36000
DAY2,Kitchen,static,18,main/day2/Kitchen/video/18.mp4,main/day2/Kitchen/metadata/18.AALP.csv,18:00:00.000,18:59:59.900,3599.900,ok,36000
DAY2,Kitchen,static,19,main/day2/Kitchen/video/19.mp4,main/day2/Kitchen/metadata/19.AALP.csv,19:00:00.000,19:59:59.900,3599.900,ok,36000
DAY2,Kitchen,static,20,main/day2/Kitchen/video/20.mp4,main/day2/Kitchen/metadata/20.AALP.csv,20:00:00.000,20:59:59.900,3599.900,ok,36000
DAY2,Klaus,ego,10,main/day2/Klaus/video/10.mp4,main/day2/Klaus/metadata/10.AALP.csv,10:14:07.680,10:59:59.900,2752.220,ok,26216
DAY2,Klaus,ego,11,main/day2/Klaus/video/11.mp4,main/day2/Klaus/metadata/11.AALP.csv,11:00:00.000,11:59:59.980,3599.980,ok,29633
DAY2,Klaus,ego,12,main/day2/Klaus/video/12.mp4,main/day2/Klaus/metadata/12.AALP.csv,12:00:00.080,12:59:59.940,3599.860,ok,35284
DAY2,Klaus,ego,13,main/day2/Klaus/video/13.mp4,main/day2/Klaus/metadata/13.AALP.csv,13:00:00.040,13:59:59.940,3599.900,ok,36000
DAY2,Klaus,ego,14,main/day2/Klaus/video/14.mp4,main/day2/Klaus/metadata/14.AALP.csv,14:00:00.040,14:39:09.640,2349.600,ok,23497
DAY2,Klaus,ego,15,main/day2/Klaus/video/15.mp4,main/day2/Klaus/metadata/15.AALP.csv,15:10:19.680,15:59:59.980,2980.300,ok,29804
DAY2,Klaus,ego,16,main/day2/Klaus/video/16.mp4,main/day2/Klaus/metadata/16.AALP.csv,16:00:00.080,16:59:59.940,3599.860,ok,32122
DAY2,Klaus,ego,17,main/day2/Klaus/video/17.mp4,main/day2/Klaus/metadata/17.AALP.csv,17:00:00.040,17:57:55.340,3475.300,ok,34754
DAY2,Klaus,ego,18,main/day2/Klaus/video/18.mp4,main/day2/Klaus/metadata/18.AALP.csv,18:31:48.940,18:59:59.940,1691.000,ok,16911
DAY2,Klaus,ego,19,main/day2/Klaus/video/19.mp4,main/day2/Klaus/metadata/19.AALP.csv,19:00:00.040,19:59:59.960,3599.920,ok,33706
DAY2,Klaus,ego,20,main/day2/Klaus/video/20.mp4,main/day2/Klaus/metadata/20.AALP.csv,20:00:00.060,20:30:55.260,1855.200,ok,18553
DAY2,Living1,static,08,main/day2/Living1/video/08.mp4,main/day2/Living1/metadata/08.AALP.csv,08:11:42.780,08:59:59.980,2897.200,ok,28973
DAY2,Living1,static,09,main/day2/Living1/video/09.mp4,main/day2/Living1/metadata/09.AALP.csv,09:00:00.080,09:59:59.980,3599.900,ok,36000
DAY2,Living1,static,10,main/day2/Living1/video/10.mp4,main/day2/Living1/metadata/10.AALP.csv,10:00:00.080,10:59:59.980,3599.900,ok,36000
DAY2,Living1,static,11,main/day2/Living1/video/11.mp4,main/day2/Living1/metadata/11.AALP.csv,11:00:00.080,11:59:59.980,3599.900,ok,36000
DAY2,Living1,static,12,main/day2/Living1/video/12.mp4,main/day2/Living1/metadata/12.AALP.csv,12:00:00.080,12:59:59.980,3599.900,ok,36000
DAY2,Living1,static,13,main/day2/Living1/video/13.mp4,main/day2/Living1/metadata/13.AALP.csv,13:00:00.080,13:59:59.980,3599.900,ok,36000
DAY2,Living1,static,14,main/day2/Living1/video/14.mp4,main/day2/Living1/metadata/14.AALP.csv,14:00:00.080,14:59:59.980,3599.900,ok,36000
DAY2,Living1,static,15,main/day2/Living1/video/15.mp4,main/day2/Living1/metadata/15.AALP.csv,15:00:00.080,15:59:59.980,3599.900,ok,36000
DAY2,Living1,static,16,main/day2/Living1/video/16.mp4,main/day2/Living1/metadata/16.AALP.csv,16:00:00.080,16:59:59.980,3599.900,ok,36000
DAY2,Living1,static,17,main/day2/Living1/video/17.mp4,main/day2/Living1/metadata/17.AALP.csv,17:00:00.080,17:59:59.980,3599.900,ok,36000
DAY2,Living1,static,18,main/day2/Living1/video/18.mp4,main/day2/Living1/metadata/18.AALP.csv,18:00:00.080,18:59:59.980,3599.900,ok,36000
DAY2,Living1,static,19,main/day2/Living1/video/19.mp4,main/day2/Living1/metadata/19.AALP.csv,19:00:00.080,19:59:59.980,3599.900,ok,36000
DAY2,Living1,static,20,main/day2/Living1/video/20.mp4,main/day2/Living1/metadata/20.AALP.csv,20:00:00.080,20:59:59.980,3599.900,ok,36000
DAY2,Living2,static,08,main/day2/Living2/video/08.mp4,main/day2/Living2/metadata/08.AALP.csv,08:10:20.380,08:59:59.980,2979.600,ok,29797
DAY2,Living2,static,09,main/day2/Living2/video/09.mp4,main/day2/Living2/metadata/09.AALP.csv,09:00:00.080,09:59:59.980,3599.900,ok,36000
DAY2,Living2,static,10,main/day2/Living2/video/10.mp4,main/day2/Living2/metadata/10.AALP.csv,10:00:00.080,10:59:59.980,3599.900,ok,36000
DAY2,Living2,static,11,main/day2/Living2/video/11.mp4,main/day2/Living2/metadata/11.AALP.csv,11:00:00.080,11:59:59.980,3599.900,ok,36000
DAY2,Living2,static,12,main/day2/Living2/video/12.mp4,main/day2/Living2/metadata/12.AALP.csv,12:00:00.080,12:59:59.980,3599.900,ok,36000
DAY2,Living2,static,13,main/day2/Living2/video/13.mp4,main/day2/Living2/metadata/13.AALP.csv,13:00:00.080,13:59:59.980,3599.900,ok,36000
DAY2,Living2,static,14,main/day2/Living2/video/14.mp4,main/day2/Living2/metadata/14.AALP.csv,14:00:00.080,14:59:59.980,3599.900,ok,36000
DAY2,Living2,static,15,main/day2/Living2/video/15.mp4,main/day2/Living2/metadata/15.AALP.csv,15:00:00.080,15:59:59.980,3599.900,ok,36000
DAY2,Living2,static,16,main/day2/Living2/video/16.mp4,main/day2/Living2/metadata/16.AALP.csv,16:00:00.080,16:59:59.980,3599.900,ok,36000
DAY2,Living2,static,17,main/day2/Living2/video/17.mp4,main/day2/Living2/metadata/17.AALP.csv,17:00:00.080,17:59:59.980,3599.900,ok,36000
DAY2,Living2,static,18,main/day2/Living2/video/18.mp4,main/day2/Living2/metadata/18.AALP.csv,18:00:00.080,18:59:59.980,3599.900,ok,36000
DAY2,Living2,static,19,main/day2/Living2/video/19.mp4,main/day2/Living2/metadata/19.AALP.csv,19:00:00.080,19:59:59.980,3599.900,ok,36000
DAY2,Living2,static,20,main/day2/Living2/video/20.mp4,main/day2/Living2/metadata/20.AALP.csv,20:00:00.080,20:59:59.980,3599.900,ok,36000
DAY2,Luca,ego,08,main/day2/Luca/video/08.mp4,main/day2/Luca/metadata/08.AALP.csv,08:18:32.540,08:59:59.940,2487.400,ok,24875
DAY2,Luca,ego,09,main/day2/Luca/video/09.mp4,main/day2/Luca/metadata/09.AALP.csv,09:00:00.040,09:59:59.940,3599.900,ok,36000
DAY2,Luca,ego,10,main/day2/Luca/video/10.mp4,main/day2/Luca/metadata/10.AALP.csv,10:00:00.040,10:59:59.940,3599.900,ok,36000
DAY2,Luca,ego,11,main/day2/Luca/video/11.mp4,main/day2/Luca/metadata/11.AALP.csv,11:00:00.040,11:45:37.440,2737.400,ok,27375
DAY2,Luca,ego,12,main/day2/Luca/video/12.mp4,main/day2/Luca/metadata/12.AALP.csv,12:09:30.240,12:59:59.940,3029.700,ok,26665
DAY2,Luca,ego,13,main/day2/Luca/video/13.mp4,main/day2/Luca/metadata/13.AALP.csv,13:00:00.040,13:59:59.940,3599.900,ok,36000
DAY2,Luca,ego,14,main/day2/Luca/video/14.mp4,main/day2/Luca/metadata/14.AALP.csv,14:00:00.040,14:48:29.440,2909.400,ok,29095
DAY2,Luca,ego,15,main/day2/Luca/video/15.mp4,main/day2/Luca/metadata/15.AALP.csv,15:44:48.880,15:59:59.980,911.100,ok,9112
DAY2,Luca,ego,16,main/day2/Luca/video/16.mp4,main/day2/Luca/metadata/16.AALP.csv,16:00:00.080,16:59:59.980,3599.900,ok,36000
DAY2,Luca,ego,17,main/day2/Luca/video/17.mp4,main/day2/Luca/metadata/17.AALP.csv,17:00:00.080,17:59:59.980,3599.900,ok,36000
DAY2,Luca,ego,18,main/day2/Luca/video/18.mp4,main/day2/Luca/metadata/18.AALP.csv,18:00:00.080,18:46:14.240,2774.160,ok,26498
DAY2,Luca,ego,19,main/day2/Luca/video/19.mp4,main/day2/Luca/metadata/19.AALP.csv,19:03:32.920,19:59:59.960,3387.040,ok,22149
DAY2,Luca,ego,20,main/day2/Luca/video/20.mp4,main/day2/Luca/metadata/20.AALP.csv,20:00:00.060,20:59:59.960,3599.900,ok,36000
DAY2,Meeting,static,08,main/day2/Meeting/video/08.mp4,main/day2/Meeting/metadata/08.AALP.csv,08:07:39.600,08:59:59.900,3140.300,ok,31404
DAY2,Meeting,static,09,main/day2/Meeting/video/09.mp4,main/day2/Meeting/metadata/09.AALP.csv,09:00:00.000,09:59:59.900,3599.900,ok,36000
DAY2,Meeting,static,10,main/day2/Meeting/video/10.mp4,main/day2/Meeting/metadata/10.AALP.csv,10:00:00.000,10:59:59.900,3599.900,ok,36000
DAY2,Meeting,static,11,main/day2/Meeting/video/11.mp4,main/day2/Meeting/metadata/11.AALP.csv,11:00:00.000,11:59:59.900,3599.900,ok,36000
DAY2,Meeting,static,12,main/day2/Meeting/video/12.mp4,main/day2/Meeting/metadata/12.AALP.csv,12:00:00.000,12:59:59.900,3599.900,ok,36000
DAY2,Meeting,static,13,main/day2/Meeting/video/13.mp4,main/day2/Meeting/metadata/13.AALP.csv,13:00:00.000,13:59:59.900,3599.900,ok,36000
DAY2,Meeting,static,14,main/day2/Meeting/video/14.mp4,main/day2/Meeting/metadata/14.AALP.csv,14:00:00.000,14:59:59.900,3599.900,ok,36000
DAY2,Meeting,static,15,main/day2/Meeting/video/15.mp4,main/day2/Meeting/metadata/15.AALP.csv,15:00:00.000,15:59:59.900,3599.900,ok,36000
DAY2,Meeting,static,16,main/day2/Meeting/video/16.mp4,main/day2/Meeting/metadata/16.AALP.csv,16:00:00.000,16:59:59.900,3599.900,ok,36000
DAY2,Meeting,static,17,main/day2/Meeting/video/17.mp4,main/day2/Meeting/metadata/17.AALP.csv,17:00:00.000,17:59:59.900,3599.900,ok,36000
DAY2,Meeting,static,18,main/day2/Meeting/video/18.mp4,main/day2/Meeting/metadata/18.AALP.csv,18:00:00.000,18:59:59.900,3599.900,ok,36000
DAY2,Meeting,static,19,main/day2/Meeting/video/19.mp4,main/day2/Meeting/metadata/19.AALP.csv,19:00:00.000,19:59:59.900,3599.900,ok,36000
DAY2,Meeting,static,20,main/day2/Meeting/video/20.mp4,main/day2/Meeting/metadata/20.AALP.csv,20:00:00.000,20:59:59.900,3599.900,ok,36000
DAY2,Onanong,ego,10,main/day2/Onanong/video/10.mp4,main/day2/Onanong/metadata/10.AALP.csv,10:03:42.000,10:59:59.900,3377.900,ok,33385
DAY2,Onanong,ego,11,main/day2/Onanong/video/11.mp4,main/day2/Onanong/metadata/11.AALP.csv,11:00:00.000,11:59:59.900,3599.900,ok,36000
DAY2,Onanong,ego,12,main/day2/Onanong/video/12.mp4,main/day2/Onanong/metadata/12.AALP.csv,12:00:00.000,12:55:04.700,3304.700,ok,31745
DAY2,Onanong,ego,13,main/day2/Onanong/video/13.mp4,main/day2/Onanong/metadata/13.AALP.csv,13:07:02.900,13:59:59.900,3177.000,ok,31771
DAY2,Onanong,ego,14,main/day2/Onanong/video/14.mp4,main/day2/Onanong/metadata/14.AALP.csv,14:00:00.000,14:59:59.980,3599.980,ok,32586
DAY2,Onanong,ego,15,main/day2/Onanong/video/15.mp4,main/day2/Onanong/metadata/15.AALP.csv,15:00:00.080,15:59:59.940,3599.860,ok,35262
DAY2,Onanong,ego,16,main/day2/Onanong/video/16.mp4,main/day2/Onanong/metadata/16.AALP.csv,16:00:00.040,16:59:59.940,3599.900,ok,36000
DAY2,Onanong,ego,17,main/day2/Onanong/video/17.mp4,main/day2/Onanong/metadata/17.AALP.csv,17:00:00.040,17:59:59.940,3599.900,ok,36000
DAY2,Onanong,ego,18,main/day2/Onanong/video/18.mp4,main/day2/Onanong/metadata/18.AALP.csv,18:00:00.040,18:55:40.040,3340.000,ok,33401
DAY2,Reading,static,12,main/day2/Reading/video/12.mp4,main/day2/Reading/metadata/12.AALP.csv,12:09:03.440,12:59:59.940,3056.500,ok,30566
DAY2,Reading,static,13,main/day2/Reading/video/13.mp4,main/day2/Reading/metadata/13.AALP.csv,13:00:00.040,13:59:59.940,3599.900,ok,36000
DAY2,Reading,static,14,main/day2/Reading/video/14.mp4,main/day2/Reading/metadata/14.AALP.csv,14:00:00.040,14:59:59.940,3599.900,ok,36000
DAY2,Reading,static,15,main/day2/Reading/video/15.mp4,main/day2/Reading/metadata/15.AALP.csv,15:00:00.040,15:59:59.940,3599.900,ok,36000
DAY2,Reading,static,16,main/day2/Reading/video/16.mp4,main/day2/Reading/metadata/16.AALP.csv,16:00:00.040,16:59:59.940,3599.900,ok,36000
DAY2,Reading,static,17,main/day2/Reading/video/17.mp4,main/day2/Reading/metadata/17.AALP.csv,17:00:00.040,17:59:59.940,3599.900,ok,36000
DAY2,Reading,static,18,main/day2/Reading/video/18.mp4,main/day2/Reading/metadata/18.AALP.csv,18:00:00.040,18:59:59.940,3599.900,ok,36000
DAY2,Reading,static,19,main/day2/Reading/video/19.mp4,main/day2/Reading/metadata/19.AALP.csv,19:00:00.040,19:59:59.940,3599.900,ok,36000
DAY2,Reading,static,20,main/day2/Reading/video/20.mp4,main/day2/Reading/metadata/20.AALP.csv,20:00:00.040,20:39:52.340,2392.300,ok,23924
DAY2,Stevan,ego,09,main/day2/Stevan/video/09.mp4,main/day2/Stevan/metadata/09.AALP.csv,09:04:07.780,09:59:59.980,3352.200,ok,33523
DAY2,Stevan,ego,10,main/day2/Stevan/video/10.mp4,main/day2/Stevan/metadata/10.AALP.csv,10:00:00.080,10:59:59.900,3599.820,ok,34882
DAY2,Stevan,ego,11,main/day2/Stevan/video/11.mp4,main/day2/Stevan/metadata/11.AALP.csv,11:00:00.000,11:59:59.900,3599.900,ok,36000
DAY2,Stevan,ego,12,main/day2/Stevan/video/12.mp4,main/day2/Stevan/metadata/12.AALP.csv,12:00:00.000,12:08:01.400,481.400,ok,4815
DAY2,Stevan,ego,17,main/day2/Stevan/video/17.mp4,main/day2/Stevan/metadata/17.AALP.csv,17:11:31.960,17:38:05.860,1593.900,ok,15940
DAY2,Stevan,ego,20,main/day2/Stevan/video/20.mp4,main/day2/Stevan/metadata/20.ACCL.csv,20:14:59.240,20:59:59.996,2700.756,ok,544038
DAY2,Tien,ego,10,main/day2/Tien/video/10.mp4,main/day2/Tien/metadata/10.AALP.csv,10:21:27.340,10:59:59.940,2312.600,ok,23127
DAY2,Tien,ego,11,main/day2/Tien/video/11.mp4,main/day2/Tien/metadata/11.AALP.csv,11:00:00.040,11:59:59.940,3599.900,ok,36000
DAY2,Tien,ego,12,main/day2/Tien/video/12.mp4,main/day2/Tien/metadata/12.AALP.csv,12:00:00.040,12:59:59.940,3599.900,ok,36000
DAY2,Tien,ego,13,main/day2/Tien/video/13.mp4,main/day2/Tien/metadata/13.AALP.csv,13:00:00.040,13:59:59.900,3599.860,ok,32364
DAY2,Tien,ego,14,main/day2/Tien/video/14.mp4,main/day2/Tien/metadata/14.AALP.csv,14:00:00.000,14:57:05.640,3425.640,ok,33289
DAY2,Tien,ego,17,main/day2/Tien/video/17.mp4,main/day2/Tien/metadata/17.AALP.csv,17:34:44.780,17:59:59.980,1515.200,ok,15153
DAY2,Tien,ego,18,main/day2/Tien/video/18.mp4,main/day2/Tien/metadata/18.AALP.csv,18:00:00.080,18:59:59.960,3599.880,ok,35216
DAY2,Tien,ego,19,main/day2/Tien/video/19.mp4,main/day2/Tien/metadata/19.AALP.csv,19:00:00.060,19:59:59.960,3599.900,ok,32857
DAY2,Tien,ego,20,main/day2/Tien/video/20.mp4,main/day2/Tien/metadata/20.AALP.csv,20:00:00.060,20:59:59.960,3599.900,ok,34909
DAY2,Werner,ego,08,main/day2/Werner/video/08.mp4,main/day2/Werner/metadata/08.AALP.csv,08:05:25.980,08:35:57.100,1831.120,ok,17440
DAY2,Werner,ego,09,main/day2/Werner/video/09.mp4,main/day2/Werner/metadata/09.AALP.csv,09:39:41.420,09:59:59.920,1218.500,ok,12186
DAY2,Werner,ego,10,main/day2/Werner/video/10.mp4,main/day2/Werner/metadata/10.AALP.csv,10:00:00.020,10:59:59.920,3599.900,ok,36000
DAY2,Werner,ego,11,main/day2/Werner/video/11.mp4,main/day2/Werner/metadata/11.AALP.csv,11:00:00.020,11:59:59.920,3599.900,ok,36000
DAY2,Werner,ego,12,main/day2/Werner/video/12.mp4,main/day2/Werner/metadata/12.AALP.csv,12:00:00.020,12:57:29.880,3449.860,ok,31034
DAY2,Werner,ego,13,main/day2/Werner/video/13.mp4,main/day2/Werner/metadata/13.AALP.csv,13:09:13.180,13:59:59.980,3046.800,ok,30469
DAY2,Werner,ego,14,main/day2/Werner/video/14.mp4,main/day2/Werner/metadata/14.AALP.csv,14:00:00.080,14:59:59.900,3599.820,ok,35343
DAY2,Werner,ego,15,main/day2/Werner/video/15.mp4,main/day2/Werner/metadata/15.AALP.csv,15:00:00.000,15:59:59.940,3599.940,ok,26278
DAY2,Werner,ego,16,main/day2/Werner/video/16.mp4,main/day2/Werner/metadata/16.AALP.csv,16:00:00.040,16:59:59.940,3599.900,ok,36000
DAY2,Werner,ego,17,main/day2/Werner/video/17.mp4,main/day2/Werner/metadata/17.AALP.csv,17:00:00.040,17:59:59.980,3599.940,ok,31871
DAY2,Werner,ego,18,main/day2/Werner/video/18.mp4,main/day2/Werner/metadata/18.AALP.csv,18:00:00.080,18:59:59.960,3599.880,ok,34905
DAY2,Werner,ego,19,main/day2/Werner/video/19.mp4,main/day2/Werner/metadata/19.AALP.csv,19:00:00.060,19:59:59.900,3599.840,ok,34792
DAY2,Werner,ego,20,main/day2/Werner/video/20.mp4,main/day2/Werner/metadata/20.AALP.csv,20:00:00.000,20:59:59.900,3599.900,ok,32690
DAY3,Allie,ego,08,main/day3/Allie/video/08.mp4,main/day3/Allie/metadata/08.AALP.csv,08:11:06.700,08:59:59.900,2933.200,ok,29333
DAY3,Allie,ego,09,main/day3/Allie/video/09.mp4,main/day3/Allie/metadata/09.AALP.csv,09:00:00.000,09:59:59.960,3599.960,ok,18994
DAY3,Allie,ego,10,main/day3/Allie/video/10.mp4,main/day3/Allie/metadata/10.AALP.csv,10:00:00.060,10:59:59.960,3599.900,ok,36000
DAY3,Allie,ego,11,main/day3/Allie/video/11.mp4,main/day3/Allie/metadata/11.AALP.csv,11:00:00.060,11:59:59.960,3599.900,ok,36000
DAY3,Allie,ego,12,main/day3/Allie/video/12.mp4,main/day3/Allie/metadata/12.AALP.csv,12:00:00.060,12:59:59.980,3599.920,ok,35378
DAY3,Allie,ego,13,main/day3/Allie/video/13.mp4,main/day3/Allie/metadata/13.AALP.csv,13:00:00.080,13:59:59.980,3599.900,ok,36000
DAY3,Allie,ego,14,main/day3/Allie/video/14.mp4,main/day3/Allie/metadata/14.AALP.csv,14:00:00.080,14:59:59.980,3599.900,ok,36000
DAY3,Allie,ego,15,main/day3/Allie/video/15.mp4,main/day3/Allie/metadata/15.AALP.csv,15:00:00.080,15:59:59.960,3599.880,ok,24975
DAY3,Allie,ego,16,main/day3/Allie/video/16.mp4,main/day3/Allie/metadata/16.AALP.csv,16:00:00.060,16:58:27.960,3507.900,ok,35080
DAY3,Allie,ego,17,main/day3/Allie/video/17.mp4,main/day3/Allie/metadata/17.AALP.csv,17:04:37.580,17:59:59.940,3322.360,ok,32275
DAY3,Allie,ego,18,main/day3/Allie/video/18.mp4,main/day3/Allie/metadata/18.AALP.csv,18:00:00.040,18:59:59.940,3599.900,ok,36000
DAY3,Allie,ego,19,main/day3/Allie/video/19.mp4,main/day3/Allie/metadata/19.AALP.csv,19:00:00.040,19:00:32.440,32.400,ok,325
DAY3,Bjorn,ego,10,main/day3/Bjorn/video/10.mp4,main/day3/Bjorn/metadata/10.AALP.csv,10:13:47.900,10:59:59.960,2772.060,ok,27566
DAY3,Bjorn,ego,11,main/day3/Bjorn/video/11.mp4,main/day3/Bjorn/metadata/11.AALP.csv,11:00:00.060,11:59:59.920,3599.860,ok,23373
DAY3,Bjorn,ego,12,main/day3/Bjorn/video/12.mp4,main/day3/Bjorn/metadata/12.AALP.csv,12:00:00.020,12:59:59.920,3599.900,ok,36000
DAY3,Bjorn,ego,13,main/day3/Bjorn/video/13.mp4,main/day3/Bjorn/metadata/13.AALP.csv,13:00:00.020,13:59:59.920,3599.900,ok,36000
DAY3,Bjorn,ego,14,main/day3/Bjorn/video/14.mp4,main/day3/Bjorn/metadata/14.AALP.csv,14:00:00.020,14:59:59.940,3599.920,ok,34539
DAY3,Bjorn,ego,15,main/day3/Bjorn/video/15.mp4,main/day3/Bjorn/metadata/15.AALP.csv,15:00:00.040,15:59:59.960,3599.920,ok,9276
DAY3,Bjorn,ego,16,main/day3/Bjorn/video/16.mp4,main/day3/Bjorn/metadata/16.AALP.csv,16:00:00.060,16:31:42.560,1902.500,ok,19026
DAY3,Bjorn,ego,17,main/day3/Bjorn/video/17.mp4,main/day3/Bjorn/metadata/17.AALP.csv,17:31:14.640,17:59:59.960,1725.320,ok,10942
DAY3,Bjorn,ego,18,main/day3/Bjorn/video/18.mp4,main/day3/Bjorn/metadata/18.AALP.csv,18:00:00.060,18:59:59.960,3599.900,ok,36000
DAY3,Bjorn,ego,19,main/day3/Bjorn/video/19.mp4,main/day3/Bjorn/metadata/19.AALP.csv,19:00:00.060,19:59:59.960,3599.900,ok,36000
DAY3,Bjorn,ego,20,main/day3/Bjorn/video/20.mp4,main/day3/Bjorn/metadata/20.AALP.csv,20:00:00.060,20:59:59.960,3599.900,ok,36000
DAY3,Cathal,ego,08,main/day3/Cathal/video/08.mp4,main/day3/Cathal/metadata/08.AALP.csv,08:00:00.080,08:59:59.980,3599.900,ok,28538
DAY3,Cathal,ego,09,main/day3/Cathal/video/09.mp4,main/day3/Cathal/metadata/09.AALP.csv,09:00:00.080,09:59:59.980,3599.900,ok,36000
DAY3,Cathal,ego,10,main/day3/Cathal/video/10.mp4,main/day3/Cathal/metadata/10.AALP.csv,10:00:00.080,10:59:59.900,3599.820,ok,18572
DAY3,Cathal,ego,11,main/day3/Cathal/video/11.mp4,main/day3/Cathal/metadata/11.AALP.csv,11:00:00.000,11:59:59.900,3599.900,ok,36000
DAY3,Cathal,ego,12,main/day3/Cathal/video/12.mp4,main/day3/Cathal/metadata/12.AALP.csv,12:00:00.000,12:59:59.920,3599.920,ok,34939
DAY3,Cathal,ego,13,main/day3/Cathal/video/13.mp4,main/day3/Cathal/metadata/13.AALP.csv,13:00:00.020,13:59:59.940,3599.920,ok,17970
DAY3,Cathal,ego,14,main/day3/Cathal/video/14.mp4,main/day3/Cathal/metadata/14.AALP.csv,14:00:00.040,14:59:59.960,3599.920,ok,25027
DAY3,Cathal,ego,15,main/day3/Cathal/video/15.mp4,main/day3/Cathal/metadata/15.AALP.csv,15:00:00.060,15:54:26.500,3266.440,ok,23670
DAY3,Cathal,ego,16,main/day3/Cathal/video/16.mp4,main/day3/Cathal/metadata/16.AALP.csv,16:56:31.620,16:59:21.520,169.900,ok,1700
DAY3,Cathal,ego,17,main/day3/Cathal/video/17.mp4,main/day3/Cathal/metadata/17.AALP.csv,17:04:42.480,17:59:59.920,3317.440,ok,30327
DAY3,Cathal,ego,18,main/day3/Cathal/video/18.mp4,main/day3/Cathal/metadata/18.AALP.csv,18:00:00.020,18:59:34.220,3574.200,ok,35743
DAY3,Cathal,ego,19,main/day3/Cathal/video/19.mp4,main/day3/Cathal/metadata/19.AALP.csv,19:04:45.560,19:59:59.900,3314.340,ok,24653
DAY3,Cathal,ego,20,main/day3/Cathal/video/20.mp4,main/day3/Cathal/metadata/20.AALP.csv,20:00:00.000,20:59:59.940,3599.940,ok,33572
DAY3,Florian,ego,09,main/day3/Florian/video/09.mp4,main/day3/Florian/metadata/09.AALP.csv,09:36:18.980,09:56:30.880,1211.900,ok,12120
DAY3,Florian,ego,10,main/day3/Florian/video/10.mp4,main/day3/Florian/metadata/10.AALP.csv,10:01:41.240,10:59:59.940,3498.700,ok,34988
DAY3,Florian,ego,11,main/day3/Florian/video/11.mp4,main/day3/Florian/metadata/11.AALP.csv,11:00:00.040,11:59:59.940,3599.900,ok,36000
DAY3,Florian,ego,12,main/day3/Florian/video/12.mp4,main/day3/Florian/metadata/12.AALP.csv,12:00:00.040,12:59:59.960,3599.920,ok,35052
DAY3,Florian,ego,13,main/day3/Florian/video/13.mp4,main/day3/Florian/metadata/13.AALP.csv,13:00:00.060,13:59:59.960,3599.900,ok,36000
DAY3,Florian,ego,14,main/day3/Florian/video/14.mp4,main/day3/Florian/metadata/14.AALP.csv,14:00:00.060,14:59:59.940,3599.880,ok,25504
DAY3,Florian,ego,15,main/day3/Florian/video/15.mp4,main/day3/Florian/metadata/15.AALP.csv,15:00:00.040,15:59:59.940,3599.900,ok,30745
DAY3,Florian,ego,16,main/day3/Florian/video/16.mp4,main/day3/Florian/metadata/16.AALP.csv,16:00:00.040,16:59:59.960,3599.920,ok,34394
DAY3,Florian,ego,17,main/day3/Florian/video/17.mp4,main/day3/Florian/metadata/17.AALP.csv,17:00:00.060,17:59:59.920,3599.860,ok,32664
DAY3,Florian,ego,18,main/day3/Florian/video/18.mp4,main/day3/Florian/metadata/18.AALP.csv,18:00:00.020,18:59:59.940,3599.920,ok,33892
DAY3,Florian,ego,19,main/day3/Florian/video/19.mp4,main/day3/Florian/metadata/19.AALP.csv,19:00:00.040,19:59:59.980,3599.940,ok,30710
DAY3,Florian,ego,20,main/day3/Florian/video/20.mp4,main/day3/Florian/metadata/20.AALP.csv,20:00:00.080,20:59:50.020,3589.940,ok,34951
DAY3,Kitchen,static,08,main/day3/Kitchen/video/08.mp4,main/day3/Kitchen/metadata/08.AALP.csv,08:10:44.700,08:59:59.900,2955.200,ok,29553
DAY3,Kitchen,static,09,main/day3/Kitchen/video/09.mp4,main/day3/Kitchen/metadata/09.AALP.csv,09:00:00.000,09:59:59.900,3599.900,ok,36000
DAY3,Kitchen,static,10,main/day3/Kitchen/video/10.mp4,main/day3/Kitchen/metadata/10.AALP.csv,10:00:00.000,10:59:59.900,3599.900,ok,36000
DAY3,Kitchen,static,11,main/day3/Kitchen/video/11.mp4,main/day3/Kitchen/metadata/11.AALP.csv,11:00:00.000,11:59:59.900,3599.900,ok,36000
DAY3,Kitchen,static,12,main/day3/Kitchen/video/12.mp4,main/day3/Kitchen/metadata/12.AALP.csv,12:00:00.000,12:59:59.900,3599.900,ok,36000
DAY3,Kitchen,static,13,main/day3/Kitchen/video/13.mp4,main/day3/Kitchen/metadata/13.AALP.csv,13:00:00.000,13:59:59.900,3599.900,ok,36000
DAY3,Kitchen,static,14,main/day3/Kitchen/video/14.mp4,main/day3/Kitchen/metadata/14.AALP.csv,14:00:00.000,14:59:59.900,3599.900,ok,36000
DAY3,Kitchen,static,15,main/day3/Kitchen/video/15.mp4,main/day3/Kitchen/metadata/15.AALP.csv,15:00:00.000,15:59:59.900,3599.900,ok,36000
DAY3,Kitchen,static,16,main/day3/Kitchen/video/16.mp4,main/day3/Kitchen/metadata/16.AALP.csv,16:00:00.000,16:59:59.900,3599.900,ok,36000
DAY3,Kitchen,static,17,main/day3/Kitchen/video/17.mp4,main/day3/Kitchen/metadata/17.AALP.csv,17:00:00.000,17:59:59.900,3599.900,ok,36000
DAY3,Kitchen,static,18,main/day3/Kitchen/video/18.mp4,main/day3/Kitchen/metadata/18.AALP.csv,18:00:00.000,18:59:59.900,3599.900,ok,36000
DAY3,Kitchen,static,19,main/day3/Kitchen/video/19.mp4,main/day3/Kitchen/metadata/19.AALP.csv,19:00:00.000,19:59:59.900,3599.900,ok,36000
DAY3,Kitchen,static,20,main/day3/Kitchen/video/20.mp4,main/day3/Kitchen/metadata/20.AALP.csv,20:00:00.000,20:59:59.900,3599.900,ok,36000
DAY3,Klaus,ego,08,main/day3/Klaus/video/08.mp4,main/day3/Klaus/metadata/08.AALP.csv,08:27:46.720,08:59:59.920,1933.200,ok,19333
DAY3,Klaus,ego,09,main/day3/Klaus/video/09.mp4,main/day3/Klaus/metadata/09.AALP.csv,09:00:00.020,09:59:59.920,3599.900,ok,36000
DAY3,Klaus,ego,10,main/day3/Klaus/video/10.mp4,main/day3/Klaus/metadata/10.AALP.csv,10:00:00.020,10:59:59.900,3599.880,ok,18595
DAY3,Klaus,ego,11,main/day3/Klaus/video/11.mp4,main/day3/Klaus/metadata/11.AALP.csv,11:00:00.000,11:59:59.900,3599.900,ok,36000
DAY3,Klaus,ego,12,main/day3/Klaus/video/12.mp4,main/day3/Klaus/metadata/12.AALP.csv,12:00:00.000,12:59:59.920,3599.920,ok,29319
DAY3,Klaus,ego,13,main/day3/Klaus/video/13.mp4,main/day3/Klaus/metadata/13.AALP.csv,13:00:00.020,13:59:59.980,3599.960,ok,27187
DAY3,Klaus,ego,14,main/day3/Klaus/video/14.mp4,main/day3/Klaus/metadata/14.AALP.csv,14:00:00.080,14:59:59.980,3599.900,ok,36000
DAY3,Klaus,ego,15,main/day3/Klaus/video/15.mp4,main/day3/Klaus/metadata/15.AALP.csv,15:00:00.080,15:54:27.660,3267.580,ok,25816
DAY3,Klaus,ego,17,main/day3/Klaus/video/17.mp4,main/day3/Klaus/metadata/17.AALP.csv,17:40:25.580,17:59:59.920,1174.340,ok,11080
DAY3,Klaus,ego,18,main/day3/Klaus/video/18.mp4,main/day3/Klaus/metadata/18.AALP.csv,18:00:00.020,18:59:59.920,3599.900,ok,36000
DAY3,Klaus,ego,19,main/day3/Klaus/video/19.mp4,main/day3/Klaus/metadata/19.AALP.csv,19:00:00.020,19:59:59.940,3599.920,ok,29947
DAY3,Klaus,ego,20,main/day3/Klaus/video/20.mp4,main/day3/Klaus/metadata/20.AALP.csv,20:00:00.040,20:18:41.240,1121.200,ok,11213
DAY3,Living1,static,08,main/day3/Living1/video/08.mp4,main/day3/Living1/metadata/08.AALP.csv,08:12:32.640,08:59:59.940,2847.300,ok,28474
DAY3,Living1,static,09,main/day3/Living1/video/09.mp4,main/day3/Living1/metadata/09.AALP.csv,09:00:00.040,09:59:59.940,3599.900,ok,36000
DAY3,Living1,static,10,main/day3/Living1/video/10.mp4,main/day3/Living1/metadata/10.AALP.csv,10:00:00.040,10:59:59.940,3599.900,ok,36000
DAY3,Living1,static,11,main/day3/Living1/video/11.mp4,main/day3/Living1/metadata/11.AALP.csv,11:00:00.040,11:59:59.940,3599.900,ok,36000
DAY3,Living1,static,12,main/day3/Living1/video/12.mp4,main/day3/Living1/metadata/12.AALP.csv,12:00:00.040,12:59:59.940,3599.900,ok,36000
DAY3,Living1,static,13,main/day3/Living1/video/13.mp4,main/day3/Living1/metadata/13.AALP.csv,13:00:00.040,13:59:59.940,3599.900,ok,36000
DAY3,Living1,static,14,main/day3/Living1/video/14.mp4,main/day3/Living1/metadata/14.AALP.csv,14:00:00.040,14:59:59.940,3599.900,ok,36000
DAY3,Living1,static,15,main/day3/Living1/video/15.mp4,main/day3/Living1/metadata/15.AALP.csv,15:00:00.040,15:59:59.940,3599.900,ok,36000
DAY3,Living1,static,16,main/day3/Living1/video/16.mp4,main/day3/Living1/metadata/16.AALP.csv,16:00:00.040,16:59:59.940,3599.900,ok,36000
DAY3,Living1,static,17,main/day3/Living1/video/17.mp4,main/day3/Living1/metadata/17.AALP.csv,17:00:00.040,17:59:59.940,3599.900,ok,36000
DAY3,Living1,static,18,main/day3/Living1/video/18.mp4,main/day3/Living1/metadata/18.AALP.csv,18:00:00.040,18:59:59.940,3599.900,ok,36000
DAY3,Living1,static,19,main/day3/Living1/video/19.mp4,main/day3/Living1/metadata/19.AALP.csv,19:00:00.040,19:59:59.940,3599.900,ok,36000
DAY3,Living1,static,20,main/day3/Living1/video/20.mp4,main/day3/Living1/metadata/20.AALP.csv,20:00:00.040,20:59:59.940,3599.900,ok,36000
DAY3,Living2,static,08,main/day3/Living2/video/08.mp4,main/day3/Living2/metadata/08.AALP.csv,08:08:18.520,08:59:59.920,3101.400,ok,31015
DAY3,Living2,static,09,main/day3/Living2/video/09.mp4,main/day3/Living2/metadata/09.AALP.csv,09:00:00.020,09:59:59.920,3599.900,ok,36000
DAY3,Living2,static,10,main/day3/Living2/video/10.mp4,main/day3/Living2/metadata/10.AALP.csv,10:00:00.020,10:59:59.920,3599.900,ok,36000
DAY3,Living2,static,11,main/day3/Living2/video/11.mp4,main/day3/Living2/metadata/11.AALP.csv,11:00:00.020,11:59:59.920,3599.900,ok,36000
DAY3,Living2,static,12,main/day3/Living2/video/12.mp4,main/day3/Living2/metadata/12.AALP.csv,12:00:00.020,12:59:59.920,3599.900,ok,36000
DAY3,Living2,static,13,main/day3/Living2/video/13.mp4,main/day3/Living2/metadata/13.AALP.csv,13:00:00.020,13:59:59.920,3599.900,ok,36000
DAY3,Living2,static,14,main/day3/Living2/video/14.mp4,main/day3/Living2/metadata/14.AALP.csv,14:00:00.020,14:59:59.920,3599.900,ok,36000
DAY3,Living2,static,15,main/day3/Living2/video/15.mp4,main/day3/Living2/metadata/15.AALP.csv,15:00:00.020,15:59:59.920,3599.900,ok,36000
DAY3,Living2,static,16,main/day3/Living2/video/16.mp4,main/day3/Living2/metadata/16.AALP.csv,16:00:00.020,16:59:59.920,3599.900,ok,36000
DAY3,Living2,static,17,main/day3/Living2/video/17.mp4,main/day3/Living2/metadata/17.AALP.csv,17:00:00.020,17:59:59.920,3599.900,ok,36000
DAY3,Living2,static,18,main/day3/Living2/video/18.mp4,main/day3/Living2/metadata/18.AALP.csv,18:00:00.020,18:59:59.920,3599.900,ok,36000
DAY3,Living2,static,19,main/day3/Living2/video/19.mp4,main/day3/Living2/metadata/19.AALP.csv,19:00:00.020,19:59:59.920,3599.900,ok,36000
DAY3,Living2,static,20,main/day3/Living2/video/20.mp4,main/day3/Living2/metadata/20.AALP.csv,20:00:00.020,20:59:59.920,3599.900,ok,36000
DAY3,Luca,ego,08,main/day3/Luca/video/08.mp4,main/day3/Luca/metadata/08.AALP.csv,08:16:53.300,08:59:59.900,2586.600,ok,25867
DAY3,Luca,ego,09,main/day3/Luca/video/09.mp4,main/day3/Luca/metadata/09.AALP.csv,09:00:00.000,09:47:51.200,2871.200,ok,28713
DAY3,Luca,ego,10,main/day3/Luca/video/10.mp4,main/day3/Luca/metadata/10.AALP.csv,10:11:56.340,10:59:59.940,2883.600,ok,28837
DAY3,Luca,ego,11,main/day3/Luca/video/11.mp4,main/day3/Luca/metadata/11.AALP.csv,11:00:00.040,11:59:59.940,3599.900,ok,36000
DAY3,Luca,ego,12,main/day3/Luca/video/12.mp4,main/day3/Luca/metadata/12.AALP.csv,12:00:00.040,12:59:59.940,3599.900,ok,34332
DAY3,Luca,ego,13,main/day3/Luca/video/13.mp4,main/day3/Luca/metadata/13.AALP.csv,13:00:00.040,13:59:59.940,3599.900,ok,36000
DAY3,Luca,ego,14,main/day3/Luca/video/14.mp4,main/day3/Luca/metadata/14.AALP.csv,14:00:00.040,14:59:59.900,3599.860,ok,28515
DAY3,Luca,ego,15,main/day3/Luca/video/15.mp4,main/day3/Luca/metadata/15.AALP.csv,15:00:00.000,15:55:13.100,3313.100,ok,27996
DAY3,Luca,ego,17,main/day3/Luca/video/17.mp4,main/day3/Luca/metadata/17.AALP.csv,17:02:37.720,17:59:59.920,3442.200,ok,34423
DAY3,Luca,ego,18,main/day3/Luca/video/18.mp4,main/day3/Luca/metadata/18.AALP.csv,18:00:00.020,18:58:14.620,3494.600,ok,34947
DAY3,Luca,ego,19,main/day3/Luca/video/19.mp4,main/day3/Luca/metadata/19.AALP.csv,19:05:40.620,19:59:59.920,3259.300,ok,32594
DAY3,Luca,ego,20,main/day3/Luca/video/20.mp4,main/day3/Luca/metadata/20.AALP.csv,20:00:00.020,20:59:59.940,3599.920,ok,35067
DAY3,Meeting,static,08,main/day3/Meeting/video/08.mp4,main/day3/Meeting/metadata/08.AALP.csv,08:09:02.640,08:59:59.940,3057.300,ok,30574
DAY3,Meeting,static,09,main/day3/Meeting/video/09.mp4,main/day3/Meeting/metadata/09.AALP.csv,09:00:00.040,09:59:59.940,3599.900,ok,36000
DAY3,Meeting,static,10,main/day3/Meeting/video/10.mp4,main/day3/Meeting/metadata/10.AALP.csv,10:00:00.040,10:59:59.940,3599.900,ok,36000
DAY3,Meeting,static,11,main/day3/Meeting/video/11.mp4,main/day3/Meeting/metadata/11.AALP.csv,11:00:00.040,11:59:59.940,3599.900,ok,36000
DAY3,Meeting,static,12,main/day3/Meeting/video/12.mp4,main/day3/Meeting/metadata/12.AALP.csv,12:00:00.040,12:59:59.940,3599.900,ok,36000
DAY3,Meeting,static,13,main/day3/Meeting/video/13.mp4,main/day3/Meeting/metadata/13.AALP.csv,13:00:00.040,13:59:59.940,3599.900,ok,36000
DAY3,Meeting,static,14,main/day3/Meeting/video/14.mp4,main/day3/Meeting/metadata/14.AALP.csv,14:00:00.040,14:59:59.940,3599.900,ok,36000
DAY3,Meeting,static,15,main/day3/Meeting/video/15.mp4,main/day3/Meeting/metadata/15.AALP.csv,15:00:00.040,15:59:59.940,3599.900,ok,36000
DAY3,Meeting,static,16,main/day3/Meeting/video/16.mp4,main/day3/Meeting/metadata/16.AALP.csv,16:00:00.040,16:59:59.940,3599.900,ok,36000
DAY3,Meeting,static,17,main/day3/Meeting/video/17.mp4,main/day3/Meeting/metadata/17.AALP.csv,17:00:00.040,17:59:59.940,3599.900,ok,36000
DAY3,Meeting,static,18,main/day3/Meeting/video/18.mp4,main/day3/Meeting/metadata/18.AALP.csv,18:00:00.040,18:59:59.940,3599.900,ok,36000
DAY3,Meeting,static,19,main/day3/Meeting/video/19.mp4,main/day3/Meeting/metadata/19.AALP.csv,19:00:00.040,19:59:59.940,3599.900,ok,36000
DAY3,Meeting,static,20,main/day3/Meeting/video/20.mp4,main/day3/Meeting/metadata/20.AALP.csv,20:00:00.040,20:59:59.940,3599.900,ok,36000
DAY3,Onanong,ego,10,main/day3/Onanong/video/10.mp4,main/day3/Onanong/metadata/10.AALP.csv,10:21:24.920,10:59:59.920,2315.000,ok,23151
DAY3,Onanong,ego,11,main/day3/Onanong/video/11.mp4,main/day3/Onanong/metadata/11.AALP.csv,11:00:00.020,11:59:59.920,3599.900,ok,36000
DAY3,Onanong,ego,12,main/day3/Onanong/video/12.mp4,main/day3/Onanong/metadata/12.AALP.csv,12:00:00.020,12:59:59.900,3599.880,ok,34762
DAY3,Onanong,ego,13,main/day3/Onanong/video/13.mp4,main/day3/Onanong/metadata/13.AALP.csv,13:00:00.000,13:59:59.900,3599.900,ok,31426
DAY3,Onanong,ego,14,main/day3/Onanong/video/14.mp4,main/day3/Onanong/metadata/14.AALP.csv,14:00:00.000,14:59:59.900,3599.900,ok,36000
DAY3,Onanong,ego,15,main/day3/Onanong/video/15.mp4,main/day3/Onanong/metadata/15.AALP.csv,15:00:00.000,15:59:59.920,3599.920,ok,31043
DAY3,Onanong,ego,16,main/day3/Onanong/video/16.mp4,main/day3/Onanong/metadata/16.AALP.csv,16:00:00.020,16:59:59.920,3599.900,ok,36000
DAY3,Onanong,ego,17,main/day3/Onanong/video/17.mp4,main/day3/Onanong/metadata/17.AALP.csv,17:00:00.020,17:59:59.920,3599.900,ok,36000
DAY3,Onanong,ego,18,main/day3/Onanong/video/18.mp4,main/day3/Onanong/metadata/18.AALP.csv,18:00:00.020,18:59:59.920,3599.900,ok,36000
DAY3,Onanong,ego,19,main/day3/Onanong/video/19.mp4,main/day3/Onanong/metadata/19.AALP.csv,19:00:00.020,19:49:34.880,2974.860,ok,16208
DAY3,Reading,static,10,main/day3/Reading/video/10.mp4,main/day3/Reading/metadata/10.AALP.csv,10:52:25.880,10:59:59.980,454.100,ok,4542
DAY3,Reading,static,11,main/day3/Reading/video/11.mp4,main/day3/Reading/metadata/11.AALP.csv,11:00:00.080,11:59:59.980,3599.900,ok,36000
DAY3,Reading,static,12,main/day3/Reading/video/12.mp4,main/day3/Reading/metadata/12.AALP.csv,12:00:00.080,12:59:59.980,3599.900,ok,36000
DAY3,Reading,static,13,main/day3/Reading/video/13.mp4,main/day3/Reading/metadata/13.AALP.csv,13:00:00.080,13:59:59.980,3599.900,ok,36000
DAY3,Reading,static,14,main/day3/Reading/video/14.mp4,main/day3/Reading/metadata/14.AALP.csv,14:00:00.080,14:59:59.980,3599.900,ok,36000
DAY3,Reading,static,15,main/day3/Reading/video/15.mp4,main/day3/Reading/metadata/15.AALP.csv,15:00:00.080,15:59:59.980,3599.900,ok,36000
DAY3,Reading,static,16,main/day3/Reading/video/16.mp4,main/day3/Reading/metadata/16.AALP.csv,16:00:00.080,16:59:59.980,3599.900,ok,36000
DAY3,Reading,static,17,main/day3/Reading/video/17.mp4,main/day3/Reading/metadata/17.AALP.csv,17:00:00.080,17:59:59.980,3599.900,ok,36000
DAY3,Reading,static,18,main/day3/Reading/video/18.mp4,main/day3/Reading/metadata/18.AALP.csv,18:00:00.080,18:59:59.980,3599.900,ok,36000
DAY3,Reading,static,19,main/day3/Reading/video/19.mp4,main/day3/Reading/metadata/19.AALP.csv,19:00:00.080,19:40:00.780,2400.700,ok,24008
DAY3,Stevan,ego,08,main/day3/Stevan/video/08.mp4,main/day3/Stevan/metadata/08.AALP.csv,08:55:19.900,08:59:59.900,280.000,ok,2268
DAY3,Stevan,ego,09,main/day3/Stevan/video/09.mp4,main/day3/Stevan/metadata/09.AALP.csv,09:00:00.000,09:59:59.920,3599.920,ok,33629
DAY3,Stevan,ego,10,main/day3/Stevan/video/10.mp4,main/day3/Stevan/metadata/10.AALP.csv,10:00:00.020,10:59:59.920,3599.900,ok,21344
DAY3,Stevan,ego,11,main/day3/Stevan/video/11.mp4,main/day3/Stevan/metadata/11.AALP.csv,11:00:00.020,11:59:59.920,3599.900,ok,36000
DAY3,Stevan,ego,12,main/day3/Stevan/video/12.mp4,main/day3/Stevan/metadata/12.AALP.csv,12:00:00.020,12:59:59.920,3599.900,ok,36000
DAY3,Stevan,ego,13,main/day3/Stevan/video/13.mp4,main/day3/Stevan/metadata/13.AALP.csv,13:00:00.020,13:54:59.820,3299.800,ok,32999
DAY3,Stevan,ego,14,main/day3/Stevan/video/14.mp4,main/day3/Stevan/metadata/14.AALP.csv,14:00:34.820,14:59:59.920,3565.100,ok,35652
DAY3,Stevan,ego,15,main/day3/Stevan/video/15.mp4,main/day3/Stevan/metadata/15.AALP.csv,15:00:00.020,15:26:37.720,1597.700,ok,15978
DAY3,Stevan,ego,17,main/day3/Stevan/video/17.mp4,main/day3/Stevan/metadata/17.AALP.csv,17:30:13.740,17:59:59.940,1786.200,ok,17863
DAY3,Stevan,ego,18,main/day3/Stevan/video/18.mp4,main/day3/Stevan/metadata/18.AALP.csv,18:00:00.040,18:59:59.940,3599.900,ok,36000
DAY3,Stevan,ego,19,main/day3/Stevan/video/19.mp4,main/day3/Stevan/metadata/19.AALP.csv,19:00:00.040,19:27:54.640,1674.600,ok,16747
DAY3,Stevan,ego,20,main/day3/Stevan/video/20.mp4,main/day3/Stevan/metadata/20.AALP.csv,20:05:34.380,20:59:59.960,3265.580,ok,30937
DAY3,Tien,ego,08,main/day3/Tien/video/08.mp4,main/day3/Tien/metadata/08.AALP.csv,08:08:59.380,08:59:59.980,3060.600,ok,29094
DAY3,Tien,ego,09,main/day3/Tien/video/09.mp4,main/day3/Tien/metadata/09.AALP.csv,09:00:00.080,09:59:59.940,3599.860,ok,32404
DAY3,Tien,ego,10,main/day3/Tien/video/10.mp4,main/day3/Tien/metadata/10.AALP.csv,10:00:00.040,10:59:59.900,3599.860,ok,25953
DAY3,Tien,ego,11,main/day3/Tien/video/11.mp4,main/day3/Tien/metadata/11.AALP.csv,11:00:00.000,11:59:59.900,3599.900,ok,36000
DAY3,Tien,ego,12,main/day3/Tien/video/12.mp4,main/day3/Tien/metadata/12.AALP.csv,12:00:00.000,12:59:59.940,3599.940,ok,23831
DAY3,Tien,ego,13,main/day3/Tien/video/13.mp4,main/day3/Tien/metadata/13.AALP.csv,13:00:00.040,13:59:59.940,3599.900,ok,26692
DAY3,Tien,ego,14,main/day3/Tien/video/14.mp4,main/day3/Tien/metadata/14.AALP.csv,14:00:00.040,14:59:59.940,3599.900,ok,36000
DAY3,Tien,ego,15,main/day3/Tien/video/15.mp4,main/day3/Tien/metadata/15.AALP.csv,15:00:00.040,15:16:11.540,971.500,ok,9716
DAY3,Tien,ego,16,main/day3/Tien/video/16.mp4,main/day3/Tien/metadata/16.AALP.csv,16:04:13.540,16:41:47.440,2253.900,ok,22540
DAY3,Tien,ego,17,main/day3/Tien/video/17.mp4,main/day3/Tien/metadata/17.AALP.csv,17:04:27.380,17:59:59.980,3332.600,ok,33327
DAY3,Tien,ego,18,main/day3/Tien/video/18.mp4,main/day3/Tien/metadata/18.AALP.csv,18:00:00.080,18:59:59.980,3599.900,ok,36000
DAY3,Tien,ego,19,main/day3/Tien/video/19.mp4,main/day3/Tien/metadata/19.AALP.csv,19:00:00.080,19:59:59.920,3599.840,ok,26836
DAY3,Tien,ego,20,main/day3/Tien/video/20.mp4,main/day3/Tien/metadata/20.AALP.csv,20:00:00.020,20:59:59.920,3599.900,ok,36000
DAY3,Werner,ego,08,main/day3/Werner/video/08.mp4,main/day3/Werner/metadata/08.AALP.csv,08:13:31.200,08:57:43.100,2651.900,ok,26520
DAY3,Werner,ego,10,main/day3/Werner/video/10.mp4,main/day3/Werner/metadata/10.AALP.csv,10:06:54.940,10:50:59.040,2644.100,ok,21500
DAY3,Werner,ego,12,main/day3/Werner/video/12.mp4,main/day3/Werner/metadata/12.AALP.csv,12:14:12.760,12:59:59.960,2747.200,ok,27473
DAY3,Werner,ego,13,main/day3/Werner/video/13.mp4,main/day3/Werner/metadata/13.AALP.csv,13:00:00.060,13:59:59.960,3599.900,ok,36000
DAY3,Werner,ego,14,main/day3/Werner/video/14.mp4,main/day3/Werner/metadata/14.AALP.csv,14:00:00.060,14:59:59.920,3599.860,ok,34790
DAY3,Werner,ego,15,main/day3/Werner/video/15.mp4,main/day3/Werner/metadata/15.AALP.csv,15:00:00.020,15:59:59.940,3599.920,ok,19040
DAY3,Werner,ego,16,main/day3/Werner/video/16.mp4,main/day3/Werner/metadata/16.AALP.csv,16:00:00.040,16:59:59.940,3599.900,ok,36000
DAY3,Werner,ego,17,main/day3/Werner/video/17.mp4,main/day3/Werner/metadata/17.AALP.csv,17:00:00.040,17:59:59.960,3599.920,ok,33419
DAY3,Werner,ego,18,main/day3/Werner/video/18.mp4,main/day3/Werner/metadata/18.AALP.csv,18:00:00.060,18:59:59.960,3599.900,ok,36000
DAY3,Werner,ego,19,main/day3/Werner/video/19.mp4,main/day3/Werner/metadata/19.AALP.csv,19:00:00.060,19:59:59.980,3599.920,ok,32096
DAY3,Werner,ego,20,main/day3/Werner/video/20.mp4,main/day3/Werner/metadata/20.AALP.csv,20:00:00.080,20:22:30.180,1350.100,ok,13502
DAY4,Allie,ego,08,main/day4/Allie/video/08.mp4,main/day4/Allie/metadata/08.AALP.csv,08:00:00.060,08:42:27.660,2547.600,ok,25477
DAY4,Allie,ego,09,main/day4/Allie/video/09.mp4,main/day4/Allie/metadata/09.AALP.csv,09:13:28.940,09:59:59.940,2791.000,ok,27911
DAY4,Allie,ego,10,main/day4/Allie/video/10.mp4,main/day4/Allie/metadata/10.AALP.csv,10:00:00.040,10:59:59.980,3599.940,ok,35371
DAY4,Allie,ego,11,main/day4/Allie/video/11.mp4,main/day4/Allie/metadata/11.AALP.csv,11:00:00.080,11:59:59.980,3599.900,ok,35189
DAY4,Allie,ego,12,main/day4/Allie/video/12.mp4,main/day4/Allie/metadata/12.AALP.csv,12:00:00.080,12:59:59.980,3599.900,ok,36000
DAY4,Allie,ego,13,main/day4/Allie/video/13.mp4,main/day4/Allie/metadata/13.AALP.csv,13:00:00.080,13:59:59.980,3599.900,ok,36000
DAY4,Allie,ego,14,main/day4/Allie/video/14.mp4,main/day4/Allie/metadata/14.AALP.csv,14:00:00.080,14:59:59.940,3599.860,ok,29692
DAY4,Allie,ego,15,main/day4/Allie/video/15.mp4,main/day4/Allie/metadata/15.AALP.csv,15:00:00.040,15:37:53.640,2273.600,ok,22737
DAY4,Allie,ego,18,main/day4/Allie/video/18.mp4,main/day4/Allie/metadata/18.AALP.csv,18:15:42.380,18:59:59.980,2657.600,ok,26577
DAY4,Bao,ego,08,main/day4/Bao/video/08.mp4,main/day4/Bao/metadata/08.AALP.csv,08:00:00.020,08:59:59.920,3599.900,ok,36000
DAY4,Bao,ego,09,main/day4/Bao/video/09.mp4,main/day4/Bao/metadata/09.AALP.csv,09:00:00.020,09:59:59.900,3599.880,ok,33567
DAY4,Bao,ego,10,main/day4/Bao/video/10.mp4,main/day4/Bao/metadata/10.AALP.csv,10:00:00.000,10:59:59.980,3599.980,ok,33738
DAY4,Bao,ego,11,main/day4/Bao/video/11.mp4,main/day4/Bao/metadata/11.AALP.csv,11:00:00.080,11:59:59.900,3599.820,ok,33553
DAY4,Bao,ego,12,main/day4/Bao/video/12.mp4,main/day4/Bao/metadata/12.AALP.csv,12:00:00.000,12:59:59.980,3599.980,ok,33473
DAY4,Bao,ego,13,main/day4/Bao/video/13.mp4,main/day4/Bao/metadata/13.AALP.csv,13:00:00.080,13:58:50.980,3530.900,ok,35310
DAY4,Bao,ego,14,main/day4/Bao/video/14.mp4,main/day4/Bao/metadata/14.AALP.csv,14:05:50.920,14:35:00.820,1749.900,ok,17500
DAY4,Bao,ego,15,main/day4/Bao/video/15.mp4,main/day4/Bao/metadata/15.AALP.csv,15:01:49.840,15:39:39.800,2269.960,ok,18820
DAY4,Bao,ego,18,main/day4/Bao/video/18.mp4,main/day4/Bao/metadata/18.AALP.csv,18:06:40.860,18:59:59.900,3199.040,ok,27643
DAY4,Bjorn,ego,08,main/day4/Bjorn/video/08.mp4,main/day4/Bjorn/metadata/08.AALP.csv,08:00:00.000,08:59:59.940,3599.940,ok,30630
DAY4,Bjorn,ego,09,main/day4/Bjorn/video/09.mp4,main/day4/Bjorn/metadata/09.AALP.csv,09:00:00.040,09:59:59.940,3599.900,ok,36000
DAY4,Bjorn,ego,10,main/day4/Bjorn/video/10.mp4,main/day4/Bjorn/metadata/10.AALP.csv,10:00:00.040,10:59:59.920,3599.880,ok,27997
DAY4,Bjorn,ego,11,main/day4/Bjorn/video/11.mp4,main/day4/Bjorn/metadata/11.AALP.csv,11:00:00.020,11:56:25.520,3385.500,ok,33856
DAY4,Bjorn,ego,12,main/day4/Bjorn/video/12.mp4,main/day4/Bjorn/metadata/12.AALP.csv,12:01:13.100,12:59:59.900,3526.800,ok,35269
DAY4,Bjorn,ego,13,main/day4/Bjorn/video/13.mp4,main/day4/Bjorn/metadata/13.AALP.csv,13:00:00.000,13:58:05.000,3485.000,ok,34851
DAY4,Bjorn,ego,14,main/day4/Bjorn/video/14.mp4,main/day4/Bjorn/metadata/14.AALP.csv,14:05:27.060,14:59:59.900,3272.840,ok,25999
DAY4,Bjorn,ego,15,main/day4/Bjorn/video/15.mp4,main/day4/Bjorn/metadata/15.AALP.csv,15:00:00.000,15:21:15.000,1275.000,ok,12751
DAY4,Bjorn,ego,18,main/day4/Bjorn/video/18.mp4,main/day4/Bjorn/metadata/18.AALP.csv,18:13:15.240,18:59:59.940,2804.700,ok,28048
DAY4,Cathal,ego,09,main/day4/Cathal/video/09.mp4,main/day4/Cathal/metadata/09.AALP.csv,09:07:09.020,09:59:59.920,3170.900,ok,31710
DAY4,Cathal,ego,10,main/day4/Cathal/video/10.mp4,main/day4/Cathal/metadata/10.AALP.csv,10:00:00.020,10:59:59.940,3599.920,ok,30312
DAY4,Cathal,ego,11,main/day4/Cathal/video/11.mp4,main/day4/Cathal/metadata/11.AALP.csv,11:00:00.040,11:58:41.040,3521.000,ok,34008
DAY4,Cathal,ego,12,main/day4/Cathal/video/12.mp4,main/day4/Cathal/metadata/12.AALP.csv,12:04:54.740,12:59:59.940,3305.200,ok,33053
DAY4,Cathal,ego,13,main/day4/Cathal/video/13.mp4,main/day4/Cathal/metadata/13.AALP.csv,13:00:00.040,13:59:59.940,3599.900,ok,36000
DAY4,Cathal,ego,14,main/day4/Cathal/video/14.mp4,main/day4/Cathal/metadata/14.AALP.csv,14:00:00.040,14:44:05.640,2645.600,ok,26457
DAY4,Cathal,ego,15,main/day4/Cathal/video/15.mp4,main/day4/Cathal/metadata/15.AALP.csv,15:30:16.980,15:41:23.880,666.900,ok,6670
DAY4,Cathal,ego,17,main/day4/Cathal/video/17.mp4,main/day4/Cathal/metadata/17.AALP.csv,17:35:08.120,17:59:59.920,1491.800,ok,14919
DAY4,Cathal,ego,18,main/day4/Cathal/video/18.mp4,main/day4/Cathal/metadata/18.AALP.csv,18:00:00.020,18:59:59.920,3599.900,ok,36000
DAY4,Florian,ego,10,main/day4/Florian/video/10.mp4,main/day4/Florian/metadata/10.AALP.csv,10:02:14.540,10:59:59.940,3465.400,ok,34655
DAY4,Florian,ego,11,main/day4/Florian/video/11.mp4,main/day4/Florian/metadata/11.AALP.csv,11:00:00.040,11:59:59.900,3599.860,ok,33187
DAY4,Florian,ego,12,main/day4/Florian/video/12.mp4,main/day4/Florian/metadata/12.AALP.csv,12:00:00.000,12:59:59.900,3599.900,ok,34684
DAY4,Florian,ego,13,main/day4/Florian/video/13.mp4,main/day4/Florian/metadata/13.AALP.csv,13:00:00.000,13:59:59.900,3599.900,ok,36000
DAY4,Florian,ego,14,main/day4/Florian/video/14.mp4,main/day4/Florian/metadata/14.AALP.csv,14:00:00.000,14:34:55.300,2095.300,ok,20954
DAY4,Florian,ego,15,main/day4/Florian/video/15.mp4,main/day4/Florian/metadata/15.AALP.csv,15:11:07.780,15:41:40.680,1832.900,ok,18330
DAY4,Florian,ego,18,main/day4/Florian/video/18.mp4,main/day4/Florian/metadata/18.AALP.csv,18:15:17.140,18:59:59.940,2682.800,ok,26829
DAY4,Kitchen,static,08,main/day4/Kitchen/video/08.mp4,main/day4/Kitchen/metadata/08.AALP.csv,08:00:00.080,08:59:59.980,3599.900,ok,36000
DAY4,Kitchen,static,09,main/day4/Kitchen/video/09.mp4,main/day4/Kitchen/metadata/09.AALP.csv,09:00:00.080,09:59:59.980,3599.900,ok,36000
DAY4,Kitchen,static,10,main/day4/Kitchen/video/10.mp4,main/day4/Kitchen/metadata/10.AALP.csv,10:00:00.080,10:59:59.980,3599.900,ok,36000
DAY4,Kitchen,static,11,main/day4/Kitchen/video/11.mp4,main/day4/Kitchen/metadata/11.AALP.csv,11:00:00.080,11:59:59.980,3599.900,ok,36000
DAY4,Kitchen,static,12,main/day4/Kitchen/video/12.mp4,main/day4/Kitchen/metadata/12.AALP.csv,12:00:00.080,12:59:59.980,3599.900,ok,36000
DAY4,Kitchen,static,13,main/day4/Kitchen/video/13.mp4,main/day4/Kitchen/metadata/13.AALP.csv,13:00:00.080,13:59:59.980,3599.900,ok,36000
DAY4,Kitchen,static,14,main/day4/Kitchen/video/14.mp4,main/day4/Kitchen/metadata/14.AALP.csv,14:00:00.080,14:59:59.980,3599.900,ok,36000
DAY4,Kitchen,static,15,main/day4/Kitchen/video/15.mp4,main/day4/Kitchen/metadata/15.AALP.csv,15:00:00.080,15:59:59.980,3599.900,ok,36000
DAY4,Kitchen,static,16,main/day4/Kitchen/video/16.mp4,main/day4/Kitchen/metadata/16.AALP.csv,16:00:00.080,16:59:59.980,3599.900,ok,36000
DAY4,Kitchen,static,17,main/day4/Kitchen/video/17.mp4,main/day4/Kitchen/metadata/17.AALP.csv,17:00:00.080,17:59:59.980,3599.900,ok,36000
DAY4,Kitchen,static,18,main/day4/Kitchen/video/18.mp4,main/day4/Kitchen/metadata/18.AALP.csv,18:00:00.080,18:59:59.980,3599.900,ok,36000
DAY4,Klaus,ego,08,main/day4/Klaus/video/08.mp4,main/day4/Klaus/metadata/08.AALP.csv,08:21:23.220,08:59:59.980,2316.760,ok,22671
DAY4,Klaus,ego,09,main/day4/Klaus/video/09.mp4,main/day4/Klaus/metadata/09.AALP.csv,09:00:00.080,09:59:59.980,3599.900,ok,36000
DAY4,Klaus,ego,10,main/day4/Klaus/video/10.mp4,main/day4/Klaus/metadata/10.AALP.csv,10:00:00.080,10:59:59.960,3599.880,ok,34350
DAY4,Klaus,ego,11,main/day4/Klaus/video/11.mp4,main/day4/Klaus/metadata/11.AALP.csv,11:00:00.060,11:59:59.960,3599.900,ok,36000
DAY4,Klaus,ego,12,main/day4/Klaus/video/12.mp4,main/day4/Klaus/metadata/12.AALP.csv,12:00:00.060,12:59:59.980,3599.920,ok,30605
DAY4,Klaus,ego,13,main/day4/Klaus/video/13.mp4,main/day4/Klaus/metadata/13.AALP.csv,13:00:00.080,13:59:59.980,3599.900,ok,36000
DAY4,Klaus,ego,14,main/day4/Klaus/video/14.mp4,main/day4/Klaus/metadata/14.AALP.csv,14:00:00.080,14:59:59.960,3599.880,ok,22204
DAY4,Klaus,ego,15,main/day4/Klaus/video/15.mp4,main/day4/Klaus/metadata/15.AALP.csv,15:00:00.060,15:03:33.960,213.900,ok,2140
DAY4,Klaus,ego,18,main/day4/Klaus/video/18.mp4,main/day4/Klaus/metadata/18.AALP.csv,18:13:56.960,18:59:59.940,2762.980,ok,16809
DAY4,Living1,static,08,main/day4/Living1/video/08.mp4,main/day4/Living1/metadata/08.AALP.csv,08:00:00.080,08:59:59.980,3599.900,ok,36000
DAY4,Living1,static,09,main/day4/Living1/video/09.mp4,main/day4/Living1/metadata/09.AALP.csv,09:00:00.080,09:59:59.980,3599.900,ok,36000
DAY4,Living1,static,10,main/day4/Living1/video/10.mp4,main/day4/Living1/metadata/10.AALP.csv,10:00:00.080,10:59:59.980,3599.900,ok,36000
DAY4,Living1,static,11,main/day4/Living1/video/11.mp4,main/day4/Living1/metadata/11.AALP.csv,11:00:00.080,11:59:59.980,3599.900,ok,36000
DAY4,Living1,static,12,main/day4/Living1/video/12.mp4,main/day4/Living1/metadata/12.AALP.csv,12:00:00.080,12:59:59.980,3599.900,ok,36000
DAY4,Living1,static,13,main/day4/Living1/video/13.mp4,main/day4/Living1/metadata/13.AALP.csv,13:00:00.080,13:59:59.980,3599.900,ok,36000
DAY4,Living1,static,14,main/day4/Living1/video/14.mp4,main/day4/Living1/metadata/14.AALP.csv,14:00:00.080,14:59:59.980,3599.900,ok,36000
DAY4,Living1,static,15,main/day4/Living1/video/15.mp4,main/day4/Living1/metadata/15.AALP.csv,15:00:00.080,15:59:59.980,3599.900,ok,36000
DAY4,Living1,static,16,main/day4/Living1/video/16.mp4,main/day4/Living1/metadata/16.AALP.csv,16:00:00.080,16:59:59.980,3599.900,ok,36000
DAY4,Living1,static,17,main/day4/Living1/video/17.mp4,main/day4/Living1/metadata/17.AALP.csv,17:00:00.080,17:59:59.980,3599.900,ok,36000
DAY4,Living1,static,18,main/day4/Living1/video/18.mp4,main/day4/Living1/metadata/18.AALP.csv,18:00:00.080,18:59:59.980,3599.900,ok,36000
DAY4,Living2,static,08,main/day4/Living2/video/08.mp4,main/day4/Living2/metadata/08.AALP.csv,08:00:00.020,08:59:59.920,3599.900,ok,36000
DAY4,Living2,static,09,main/day4/Living2/video/09.mp4,main/day4/Living2/metadata/09.AALP.csv,09:00:00.020,09:59:59.920,3599.900,ok,36000
DAY4,Living2,static,10,main/day4/Living2/video/10.mp4,main/day4/Living2/metadata/10.AALP.csv,10:00:00.020,10:59:59.920,3599.900,ok,36000
DAY4,Living2,static,11,main/day4/Living2/video/11.mp4,main/day4/Living2/metadata/11.AALP.csv,11:00:00.020,11:59:59.920,3599.900,ok,36000
DAY4,Living2,static,12,main/day4/Living2/video/12.mp4,main/day4/Living2/metadata/12.AALP.csv,12:00:00.020,12:59:59.920,3599.900,ok,36000
DAY4,Living2,static,13,main/day4/Living2/video/13.mp4,main/day4/Living2/metadata/13.AALP.csv,13:00:00.020,13:59:59.920,3599.900,ok,36000
DAY4,Living2,static,14,main/day4/Living2/video/14.mp4,main/day4/Living2/metadata/14.AALP.csv,14:00:00.020,14:59:59.920,3599.900,ok,36000
DAY4,Living2,static,15,main/day4/Living2/video/15.mp4,main/day4/Living2/metadata/15.AALP.csv,15:00:00.020,15:59:59.920,3599.900,ok,36000
DAY4,Living2,static,16,main/day4/Living2/video/16.mp4,main/day4/Living2/metadata/16.AALP.csv,16:00:00.020,16:59:59.920,3599.900,ok,36000
DAY4,Living2,static,17,main/day4/Living2/video/17.mp4,main/day4/Living2/metadata/17.AALP.csv,17:00:00.020,17:59:59.920,3599.900,ok,36000
DAY4,Living2,static,18,main/day4/Living2/video/18.mp4,main/day4/Living2/metadata/18.AALP.csv,18:00:00.020,18:59:59.920,3599.900,ok,36000
DAY4,Luca,ego,08,main/day4/Luca/video/08.mp4,main/day4/Luca/metadata/08.AALP.csv,08:01:40.900,08:59:59.900,3499.000,ok,34991
DAY4,Luca,ego,09,main/day4/Luca/video/09.mp4,main/day4/Luca/metadata/09.AALP.csv,09:00:00.000,09:59:59.900,3599.900,ok,36000
DAY4,Luca,ego,10,main/day4/Luca/video/10.mp4,main/day4/Luca/metadata/10.AALP.csv,10:00:00.000,10:59:59.900,3599.900,ok,36000
DAY4,Luca,ego,11,main/day4/Luca/video/11.mp4,main/day4/Luca/metadata/11.AALP.csv,11:00:00.000,11:59:59.900,3599.900,ok,36000
DAY4,Luca,ego,12,main/day4/Luca/video/12.mp4,main/day4/Luca/metadata/12.AALP.csv,12:00:00.000,12:59:59.960,3599.960,ok,17571
DAY4,Luca,ego,13,main/day4/Luca/video/13.mp4,main/day4/Luca/metadata/13.AALP.csv,13:00:00.060,13:59:59.960,3599.900,ok,36000
DAY4,Luca,ego,14,main/day4/Luca/video/14.mp4,main/day4/Luca/metadata/14.AALP.csv,14:00:00.060,14:59:59.960,3599.900,ok,33465
DAY4,Luca,ego,15,main/day4/Luca/video/15.mp4,main/day4/Luca/metadata/15.AALP.csv,15:00:00.060,15:37:41.260,2261.200,ok,22613
DAY4,Luca,ego,17,main/day4/Luca/video/17.mp4,main/day4/Luca/metadata/17.AALP.csv,17:34:23.680,17:59:59.980,1536.300,ok,15364
DAY4,Luca,ego,18,main/day4/Luca/video/18.mp4,main/day4/Luca/metadata/18.AALP.csv,18:00:00.080,18:59:59.980,3599.900,ok,36000
DAY4,Meeting,static,08,main/day4/Meeting/video/08.mp4,main/day4/Meeting/metadata/08.ACCL.csv,08:00:00.004,08:59:59.996,3599.992,ok,710745
DAY4,Meeting,static,09,main/day4/Meeting/video/09.mp4,main/day4/Meeting/metadata/09.ACCL.csv,09:00:00.001,09:59:59.996,3599.995,ok,710579
DAY4,Meeting,static,10,main/day4/Meeting/video/10.mp4,main/day4/Meeting/metadata/10.AALP.csv,10:00:00.000,10:59:59.900,3599.900,ok,36000
DAY4,Meeting,static,11,main/day4/Meeting/video/11.mp4,main/day4/Meeting/metadata/11.AALP.csv,11:00:00.000,11:59:59.900,3599.900,ok,36000
DAY4,Meeting,static,12,main/day4/Meeting/video/12.mp4,main/day4/Meeting/metadata/12.AALP.csv,12:00:00.000,12:59:59.900,3599.900,ok,36000
DAY4,Meeting,static,13,main/day4/Meeting/video/13.mp4,main/day4/Meeting/metadata/13.AALP.csv,13:00:00.000,13:59:59.900,3599.900,ok,36000
DAY4,Meeting,static,14,main/day4/Meeting/video/14.mp4,main/day4/Meeting/metadata/14.ACCL.csv,14:00:00.004,14:59:59.996,3599.992,ok,710554
DAY4,Meeting,static,15,main/day4/Meeting/video/15.mp4,main/day4/Meeting/metadata/15.ACCL.csv,15:00:00.001,15:59:59.999,3599.998,ok,710565
DAY4,Meeting,static,16,main/day4/Meeting/video/16.mp4,main/day4/Meeting/metadata/16.AALP.csv,16:00:00.000,16:59:59.900,3599.900,ok,36000
DAY4,Meeting,static,17,main/day4/Meeting/video/17.mp4,main/day4/Meeting/metadata/17.AALP.csv,17:00:00.000,17:59:59.900,3599.900,ok,36000
DAY4,Meeting,static,18,main/day4/Meeting/video/18.mp4,main/day4/Meeting/metadata/18.AALP.csv,18:00:00.000,18:59:59.900,3599.900,ok,36000
DAY4,Onanong,ego,09,main/day4/Onanong/video/09.mp4,main/day4/Onanong/metadata/09.AALP.csv,09:58:32.540,09:59:59.940,87.400,ok,875
DAY4,Onanong,ego,10,main/day4/Onanong/video/10.mp4,main/day4/Onanong/metadata/10.AALP.csv,10:00:00.040,10:59:59.920,3599.880,ok,25077
DAY4,Onanong,ego,11,main/day4/Onanong/video/11.mp4,main/day4/Onanong/metadata/11.AALP.csv,11:00:00.020,11:59:59.920,3599.900,ok,36000
DAY4,Onanong,ego,12,main/day4/Onanong/video/12.mp4,main/day4/Onanong/metadata/12.AALP.csv,12:00:00.020,12:59:59.900,3599.880,ok,34266
DAY4,Onanong,ego,13,main/day4/Onanong/video/13.mp4,main/day4/Onanong/metadata/13.AALP.csv,13:00:00.000,13:59:59.900,3599.900,ok,36000
DAY4,Onanong,ego,14,main/day4/Onanong/video/14.mp4,main/day4/Onanong/metadata/14.AALP.csv,14:00:00.000,14:59:59.920,3599.920,ok,30526
DAY4,Onanong,ego,15,main/day4/Onanong/video/15.mp4,main/day4/Onanong/metadata/15.AALP.csv,15:00:00.020,15:41:36.000,2495.980,ok,21066
DAY4,Onanong,ego,18,main/day4/Onanong/video/18.mp4,main/day4/Onanong/metadata/18.AALP.csv,18:21:21.880,18:59:59.980,2318.100,ok,23182
DAY4,Reading,static,08,main/day4/Reading/video/08.mp4,main/day4/Reading/metadata/08.AALP.csv,08:03:13.900,08:59:59.900,3406.000,ok,34061
DAY4,Reading,static,09,main/day4/Reading/video/09.mp4,main/day4/Reading/metadata/09.AALP.csv,09:00:00.000,09:59:59.900,3599.900,ok,36000
DAY4,Reading,static,10,main/day4/Reading/video/10.mp4,main/day4/Reading/metadata/10.AALP.csv,10:00:00.000,10:59:59.900,3599.900,ok,36000
DAY4,Reading,static,11,main/day4/Reading/video/11.mp4,main/day4/Reading/metadata/11.AALP.csv,11:00:00.000,11:59:59.900,3599.900,ok,36000
DAY4,Reading,static,12,main/day4/Reading/video/12.mp4,main/day4/Reading/metadata/12.AALP.csv,12:00:00.000,12:59:59.900,3599.900,ok,36000
DAY4,Reading,static,13,main/day4/Reading/video/13.mp4,main/day4/Reading/metadata/13.AALP.csv,13:00:00.000,13:59:59.900,3599.900,ok,36000
DAY4,Reading,static,14,main/day4/Reading/video/14.mp4,main/day4/Reading/metadata/14.AALP.csv,14:00:00.000,14:59:59.900,3599.900,ok,36000
DAY4,Reading,static,15,main/day4/Reading/video/15.mp4,main/day4/Reading/metadata/15.AALP.csv,15:00:00.000,15:59:59.900,3599.900,ok,36000
DAY4,Reading,static,16,main/day4/Reading/video/16.mp4,main/day4/Reading/metadata/16.AALP.csv,16:00:00.000,16:50:34.800,3034.800,ok,30349
DAY4,Stevan,ego,09,main/day4/Stevan/video/09.mp4,main/day4/Stevan/metadata/09.AALP.csv,09:47:22.100,09:59:59.900,757.800,ok,7579
DAY4,Stevan,ego,10,main/day4/Stevan/video/10.mp4,main/day4/Stevan/metadata/10.AALP.csv,10:00:00.000,10:59:59.960,3599.960,ok,31109
DAY4,Stevan,ego,11,main/day4/Stevan/video/11.mp4,main/day4/Stevan/metadata/11.AALP.csv,11:00:00.060,11:59:59.960,3599.900,ok,36000
DAY4,Stevan,ego,12,main/day4/Stevan/video/12.mp4,main/day4/Stevan/metadata/12.AALP.csv,12:00:00.060,12:59:59.960,3599.900,ok,33017
DAY4,Stevan,ego,13,main/day4/Stevan/video/13.mp4,main/day4/Stevan/metadata/13.AALP.csv,13:00:00.060,13:59:59.960,3599.900,ok,36000
DAY4,Stevan,ego,14,main/day4/Stevan/video/14.mp4,main/day4/Stevan/metadata/14.AALP.csv,14:00:00.060,14:59:59.900,3599.840,ok,34386
DAY4,Stevan,ego,15,main/day4/Stevan/video/15.mp4,main/day4/Stevan/metadata/15.AALP.csv,15:00:00.000,15:41:48.800,2508.800,ok,25089
DAY4,Stevan,ego,18,main/day4/Stevan/video/18.mp4,main/day4/Stevan/metadata/18.AALP.csv,18:03:57.140,18:59:59.960,3362.820,ok,30939
DAY4,Werner,ego,08,main/day4/Werner/video/08.mp4,main/day4/Werner/metadata/08.AALP.csv,08:15:00.940,08:59:59.940,2699.000,ok,26991
DAY4,Werner,ego,09,main/day4/Werner/video/09.mp4,main/day4/Werner/metadata/09.AALP.csv,09:00:00.040,09:59:59.940,3599.900,ok,36000
DAY4,Werner,ego,10,main/day4/Werner/video/10.mp4,main/day4/Werner/metadata/10.AALP.csv,10:00:00.040,10:59:59.920,3599.880,ok,33009
DAY4,Werner,ego,11,main/day4/Werner/video/11.mp4,main/day4/Werner/metadata/11.AALP.csv,11:00:00.020,11:59:59.940,3599.920,ok,34847
DAY4,Werner,ego,12,main/day4/Werner/video/12.mp4,main/day4/Werner/metadata/12.AALP.csv,12:00:00.040,12:59:59.960,3599.920,ok,32736
DAY4,Werner,ego,13,main/day4/Werner/video/13.mp4,main/day4/Werner/metadata/13.AALP.csv,13:00:00.060,13:59:59.960,3599.900,ok,36000
DAY4,Werner,ego,14,main/day4/Werner/video/14.mp4,main/day4/Werner/metadata/14.AALP.csv,14:00:00.060,14:59:59.960,3599.900,ok,34352
DAY4,Werner,ego,15,main/day4/Werner/video/15.mp4,main/day4/Werner/metadata/15.AALP.csv,15:00:00.060,15:23:14.560,1394.500,ok,10255
DAY4,Werner,ego,18,main/day4/Werner/video/18.mp4,main/day4/Werner/metadata/18.AALP.csv,18:17:40.400,18:59:59.900,2539.500,ok,20734
