candidate_id,window_id,day,entity,stream_type,video_path,target_time,offset_seconds,frame_path,log_path,status
C001,DAY1_100500000,DAY1,Allie,ego,main/day1/Allie/video/10.mp4,10:05:30.000,330.0,candidate_true_AB_contact_sheets/frames/DAY1_100500000/Allie_100530000.jpg,candidate_true_AB_contact_sheets/logs/DAY1_100500000/Allie_100530000.stderr.txt,ok
C001,DAY1_100500000,DAY1,Bjorn,ego,main/day1/Bjorn/video/10.mp4,10:05:30.000,329.9400000000023,candidate_true_AB_contact_sheets/frames/DAY1_100500000/Bjorn_100530000.jpg,candidate_true_AB_contact_sheets/logs/DAY1_100500000/Bjorn_100530000.stderr.txt,ok
C001,DAY1_100500000,DAY1,Cathal,ego,main/day1/Cathal/video/10.mp4,10:05:30.000,329.9599999999991,candidate_true_AB_contact_sheets/frames/DAY1_100500000/Cathal_100530000.jpg,candidate_true_AB_contact_sheets/logs/DAY1_100500000/Cathal_100530000.stderr.txt,ok
C001,DAY1_100500000,DAY1,Florian,ego,main/day1/Florian/video/10.mp4,10:05:30.000,329.9400000000023,candidate_true_AB_contact_sheets/frames/DAY1_100500000/Florian_100530000.jpg,candidate_true_AB_contact_sheets/logs/DAY1_100500000/Florian_100530000.stderr.txt,ok
C001,DAY1_100500000,DAY1,Klaus,ego,main/day1/Klaus/video/10.mp4,10:05:30.000,95.26000000000204,candidate_true_AB_contact_sheets/frames/DAY1_100500000/Klaus_100530000.jpg,candidate_true_AB_contact_sheets/logs/DAY1_100500000/Klaus_100530000.stderr.txt,ok
C001,DAY1_100500000,DAY1,Luca,ego,main/day1/Luca/video/10.mp4,10:05:30.000,329.9400000000023,candidate_true_AB_contact_sheets/frames/DAY1_100500000/Luca_100530000.jpg,candidate_true_AB_contact_sheets/logs/DAY1_100500000/Luca_100530000.stderr.txt,ok
C001,DAY1_100500000,DAY1,Onanong,ego,main/day1/Onanong/video/10.mp4,10:05:30.000,330.0,candidate_true_AB_contact_sheets/frames/DAY1_100500000/Onanong_100530000.jpg,candidate_true_AB_contact_sheets/logs/DAY1_100500000/Onanong_100530000.stderr.txt,ok
C001,DAY1_100500000,DAY1,Stevan,ego,main/day1/Stevan/video/10.mp4,10:05:30.000,329.9800000000032,candidate_true_AB_contact_sheets/frames/DAY1_100500000/Stevan_100530000.jpg,candidate_true_AB_contact_sheets/logs/DAY1_100500000/Stevan_100530000.stderr.txt,ok
C001,DAY1_100500000,DAY1,Tien,ego,main/day1/Tien/video/10.mp4,10:05:30.000,329.9800000000032,candidate_true_AB_contact_sheets/frames/DAY1_100500000/Tien_100530000.jpg,candidate_true_AB_contact_sheets/logs/DAY1_100500000/Tien_100530000.stderr.txt,ok
C001,DAY1_100500000,DAY1,Werner,ego,main/day1/Werner/video/10.mp4,10:05:30.000,180.73999999999796,candidate_true_AB_contact_sheets/frames/DAY1_100500000/Werner_100530000.jpg,candidate_true_AB_contact_sheets/logs/DAY1_100500000/Werner_100530000.stderr.txt,ok
C001,DAY1_100500000,DAY1,Kitchen,static,main/day1/Kitchen/video/10.mp4,10:05:30.000,329.9400000000023,candidate_true_AB_contact_sheets/frames/DAY1_100500000/Kitchen_100530000.jpg,candidate_true_AB_contact_sheets/logs/DAY1_100500000/Kitchen_100530000.stderr.txt,ok
C001,DAY1_100500000,DAY1,Living1,static,main/day1/Living1/video/10.mp4,10:05:30.000,329.9599999999991,candidate_true_AB_contact_sheets/frames/DAY1_100500000/Living1_100530000.jpg,candidate_true_AB_contact_sheets/logs/DAY1_100500000/Living1_100530000.stderr.txt,ok
C001,DAY1_100500000,DAY1,Living2,static,main/day1/Living2/video/10.mp4,10:05:30.000,329.9400000000023,candidate_true_AB_contact_sheets/frames/DAY1_100500000/Living2_100530000.jpg,candidate_true_AB_contact_sheets/logs/DAY1_100500000/Living2_100530000.stderr.txt,ok
C001,DAY1_100500000,DAY1,Meeting,static,main/day1/Meeting/video/10.mp4,10:05:30.000,330.0,candidate_true_AB_contact_sheets/frames/DAY1_100500000/Meeting_100530000.jpg,candidate_true_AB_contact_sheets/logs/DAY1_100500000/Meeting_100530000.stderr.txt,ok
C001,DAY1_100500000,DAY1,Reading,static,main/day1/Reading/video/10.mp4,10:05:30.000,329.9599999999991,candidate_true_AB_contact_sheets/frames/DAY1_100500000/Reading_100530000.jpg,candidate_true_AB_contact_sheets/logs/DAY1_100500000/Reading_100530000.stderr.txt,ok
C001,DAY1_100500000,DAY1,Allie,ego,main/day1/Allie/video/10.mp4,10:07:30.000,450.0,candidate_true_AB_contact_sheets/frames/DAY1_100500000/Allie_100730000.jpg,candidate_true_AB_contact_sheets/logs/DAY1_100500000/Allie_100730000.stderr.txt,ok
C001,DAY1_100500000,DAY1,Bjorn,ego,main/day1/Bjorn/video/10.mp4,10:07:30.000,449.9400000000023,candidate_true_AB_contact_sheets/frames/DAY1_100500000/Bjorn_100730000.jpg,candidate_true_AB_contact_sheets/logs/DAY1_100500000/Bjorn_100730000.stderr.txt,ok
C001,DAY1_100500000,DAY1,Cathal,ego,main/day1/Cathal/video/10.mp4,10:07:30.000,449.9599999999991,candidate_true_AB_contact_sheets/frames/DAY1_100500000/Cathal_100730000.jpg,candidate_true_AB_contact_sheets/logs/DAY1_100500000/Cathal_100730000.stderr.txt,ok
C001,DAY1_100500000,DAY1,Florian,ego,main/day1/Florian/video/10.mp4,10:07:30.000,449.9400000000023,candidate_true_AB_contact_sheets/frames/DAY1_100500000/Florian_100730000.jpg,candidate_true_AB_contact_sheets/logs/DAY1_100500000/Florian_100730000.stderr.txt,ok
C001,DAY1_100500000,DAY1,Klaus,ego,main/day1/Klaus/video/10.mp4,10:07:30.000,215.26000000000204,candidate_true_AB_contact_sheets/frames/DAY1_100500000/Klaus_100730000.jpg,candidate_true_AB_contact_sheets/logs/DAY1_100500000/Klaus_100730000.stderr.txt,ok
C001,DAY1_100500000,DAY1,Luca,ego,main/day1/Luca/video/10.mp4,10:07:30.000,449.9400000000023,candidate_true_AB_contact_sheets/frames/DAY1_100500000/Luca_100730000.jpg,candidate_true_AB_contact_sheets/logs/DAY1_100500000/Luca_100730000.stderr.txt,ok
C001,DAY1_100500000,DAY1,Onanong,ego,main/day1/Onanong/video/10.mp4,10:07:30.000,450.0,candidate_true_AB_contact_sheets/frames/DAY1_100500000/Onanong_100730000.jpg,candidate_true_AB_contact_sheets/logs/DAY1_100500000/Onanong_100730000.stderr.txt,ok
C001,DAY1_100500000,DAY1,Stevan,ego,main/day1/Stevan/video/10.mp4,10:07:30.000,449.9800000000032,candidate_true_AB_contact_sheets/frames/DAY1_100500000/Stevan_100730000.jpg,candidate_true_AB_contact_sheets/logs/DAY1_100500000/Stevan_100730000.stderr.txt,ok
C001,DAY1_100500000,DAY1,Tien,ego,main/day1/Tien/video/10.mp4,10:07:30.000,449.9800000000032,candidate_true_AB_contact_sheets/frames/DAY1_100500000/Tien_100730000.jpg,candidate_true_AB_contact_sheets/logs/DAY1_100500000/Tien_100730000.stderr.txt,ok
C001,DAY1_100500000,DAY1,Werner,ego,main/day1/Werner/video/10.mp4,10:07:30.000,300.73999999999796,candidate_true_AB_contact_sheets/frames/DAY1_100500000/Werner_100730000.jpg,candidate_true_AB_contact_sheets/logs/DAY1_100500000/Werner_100730000.stderr.txt,ok
C001,DAY1_100500000,DAY1,Kitchen,static,main/day1/Kitchen/video/10.mp4,10:07:30.000,449.9400000000023,candidate_true_AB_contact_sheets/frames/DAY1_100500000/Kitchen_100730000.jpg,candidate_true_AB_contact_sheets/logs/DAY1_100500000/Kitchen_100730000.stderr.txt,ok
C001,DAY1_100500000,DAY1,Living1,static,main/day1/Living1/video/10.mp4,10:07:30.000,449.9599999999991,candidate_true_AB_contact_sheets/frames/DAY1_100500000/Living1_100730000.jpg,candidate_true_AB_contact_sheets/logs/DAY1_100500000/Living1_100730000.stderr.txt,ok
C001,DAY1_100500000,DAY1,Living2,static,main/day1/Living2/video/10.mp4,10:07:30.000,449.9400000000023,candidate_true_AB_contact_sheets/frames/DAY1_100500000/Living2_100730000.jpg,candidate_true_AB_contact_sheets/logs/DAY1_100500000/Living2_100730000.stderr.txt,ok
C001,DAY1_100500000,DAY1,Meeting,static,main/day1/Meeting/video/10.mp4,10:07:30.000,450.0,candidate_true_AB_contact_sheets/frames/DAY1_100500000/Meeting_100730000.jpg,candidate_true_AB_contact_sheets/logs/DAY1_100500000/Meeting_100730000.stderr.txt,ok
C001,DAY1_100500000,DAY1,Reading,static,main/day1/Reading/video/10.mp4,10:07:30.000,449.9599999999991,candidate_true_AB_contact_sheets/frames/DAY1_100500000/Reading_100730000.jpg,candidate_true_AB_contact_sheets/logs/DAY1_100500000/Reading_100730000.stderr.txt,ok
C001,DAY1_100500000,DAY1,Allie,ego,main/day1/Allie/video/10.mp4,10:09:30.000,570.0,candidate_true_AB_contact_sheets/frames/DAY1_100500000/Allie_100930000.jpg,candidate_true_AB_contact_sheets/logs/DAY1_100500000/Allie_100930000.stderr.txt,ok
C001,DAY1_100500000,DAY1,Bjorn,ego,main/day1/Bjorn/video/10.mp4,10:09:30.000,569.9400000000023,candidate_true_AB_contact_sheets/frames/DAY1_100500000/Bjorn_100930000.jpg,candidate_true_AB_contact_sheets/logs/DAY1_100500000/Bjorn_100930000.stderr.txt,ok
C001,DAY1_100500000,DAY1,Cathal,ego,main/day1/Cathal/video/10.mp4,10:09:30.000,569.9599999999991,candidate_true_AB_contact_sheets/frames/DAY1_100500000/Cathal_100930000.jpg,candidate_true_AB_contact_sheets/logs/DAY1_100500000/Cathal_100930000.stderr.txt,ok
C001,DAY1_100500000,DAY1,Florian,ego,main/day1/Florian/video/10.mp4,10:09:30.000,569.9400000000023,candidate_true_AB_contact_sheets/frames/DAY1_100500000/Florian_100930000.jpg,candidate_true_AB_contact_sheets/logs/DAY1_100500000/Florian_100930000.stderr.txt,ok
C001,DAY1_100500000,DAY1,Klaus,ego,main/day1/Klaus/video/10.mp4,10:09:30.000,335.26000000000204,candidate_true_AB_contact_sheets/frames/DAY1_100500000/Klaus_100930000.jpg,candidate_true_AB_contact_sheets/logs/DAY1_100500000/Klaus_100930000.stderr.txt,ok
C001,DAY1_100500000,DAY1,Luca,ego,main/day1/Luca/video/10.mp4,10:09:30.000,569.9400000000023,candidate_true_AB_contact_sheets/frames/DAY1_100500000/Luca_100930000.jpg,candidate_true_AB_contact_sheets/logs/DAY1_100500000/Luca_100930000.stderr.txt,ok
C001,DAY1_100500000,DAY1,Onanong,ego,main/day1/Onanong/video/10.mp4,10:09:30.000,570.0,candidate_true_AB_contact_sheets/frames/DAY1_100500000/Onanong_100930000.jpg,candidate_true_AB_contact_sheets/logs/DAY1_100500000/Onanong_100930000.stderr.txt,ok
C001,DAY1_100500000,DAY1,Stevan,ego,main/day1/Stevan/video/10.mp4,10:09:30.000,569.9800000000032,candidate_true_AB_contact_sheets/frames/DAY1_100500000/Stevan_100930000.jpg,candidate_true_AB_contact_sheets/logs/DAY1_100500000/Stevan_100930000.stderr.txt,ok
C001,DAY1_100500000,DAY1,Tien,ego,main/day1/Tien/video/10.mp4,10:09:30.000,569.9800000000032,candidate_true_AB_contact_sheets/frames/DAY1_100500000/Tien_100930000.jpg,candidate_true_AB_contact_sheets/logs/DAY1_100500000/Tien_100930000.stderr.txt,ok
C001,DAY1_100500000,DAY1,Werner,ego,main/day1/Werner/video/10.mp4,10:09:30.000,420.73999999999796,candidate_true_AB_contact_sheets/frames/DAY1_100500000/Werner_100930000.jpg,candidate_true_AB_contact_sheets/logs/DAY1_100500000/Werner_100930000.stderr.txt,ok
C001,DAY1_100500000,DAY1,Kitchen,static,main/day1/Kitchen/video/10.mp4,10:09:30.000,569.9400000000023,candidate_true_AB_contact_sheets/frames/DAY1_100500000/Kitchen_100930000.jpg,candidate_true_AB_contact_sheets/logs/DAY1_100500000/Kitchen_100930000.stderr.txt,ok
C001,DAY1_100500000,DAY1,Living1,static,main/day1/Living1/video/10.mp4,10:09:30.000,569.9599999999991,candidate_true_AB_contact_sheets/frames/DAY1_100500000/Living1_100930000.jpg,candidate_true_AB_contact_sheets/logs/DAY1_100500000/Living1_100930000.stderr.txt,ok
C001,DAY1_100500000,DAY1,Living2,static,main/day1/Living2/video/10.mp4,10:09:30.000,569.9400000000023,candidate_true_AB_contact_sheets/frames/DAY1_100500000/Living2_100930000.jpg,candidate_true_AB_contact_sheets/logs/DAY1_100500000/Living2_100930000.stderr.txt,ok
C001,DAY1_100500000,DAY1,Meeting,static,main/day1/Meeting/video/10.mp4,10:09:30.000,570.0,candidate_true_AB_contact_sheets/frames/DAY1_100500000/Meeting_100930000.jpg,candidate_true_AB_contact_sheets/logs/DAY1_100500000/Meeting_100930000.stderr.txt,ok
C001,DAY1_100500000,DAY1,Reading,static,main/day1/Reading/video/10.mp4,10:09:30.000,569.9599999999991,candidate_true_AB_contact_sheets/frames/DAY1_100500000/Reading_100930000.jpg,candidate_true_AB_contact_sheets/logs/DAY1_100500000/Reading_100930000.stderr.txt,ok
C001,DAY1_100500000,DAY1,Tien,ego,main/day1/Tien/video/10.mp4,10:05:30.000,329.9800000000032,candidate_true_AB_contact_sheets/frames/DAY1_100500000/Tien_100530000.jpg,candidate_true_AB_contact_sheets/logs/DAY1_100500000/Tien_100530000.stderr.txt,ok_reused
C001,DAY1_100500000,DAY1,Werner,ego,main/day1/Werner/video/10.mp4,10:05:30.000,180.73999999999796,candidate_true_AB_contact_sheets/frames/DAY1_100500000/Werner_100530000.jpg,candidate_true_AB_contact_sheets/logs/DAY1_100500000/Werner_100530000.stderr.txt,ok_reused
C001,DAY1_100500000,DAY1,Meeting,static,main/day1/Meeting/video/10.mp4,10:05:30.000,330.0,candidate_true_AB_contact_sheets/frames/DAY1_100500000/Meeting_100530000.jpg,candidate_true_AB_contact_sheets/logs/DAY1_100500000/Meeting_100530000.stderr.txt,ok_reused
C001,DAY1_100500000,DAY1,Tien,ego,main/day1/Tien/video/10.mp4,10:07:30.000,449.9800000000032,candidate_true_AB_contact_sheets/frames/DAY1_100500000/Tien_100730000.jpg,candidate_true_AB_contact_sheets/logs/DAY1_100500000/Tien_100730000.stderr.txt,ok_reused
C001,DAY1_100500000,DAY1,Werner,ego,main/day1/Werner/video/10.mp4,10:07:30.000,300.73999999999796,candidate_true_AB_contact_sheets/frames/DAY1_100500000/Werner_100730000.jpg,candidate_true_AB_contact_sheets/logs/DAY1_100500000/Werner_100730000.stderr.txt,ok_reused
C001,DAY1_100500000,DAY1,Meeting,static,main/day1/Meeting/video/10.mp4,10:07:30.000,450.0,candidate_true_AB_contact_sheets/frames/DAY1_100500000/Meeting_100730000.jpg,candidate_true_AB_contact_sheets/logs/DAY1_100500000/Meeting_100730000.stderr.txt,ok_reused
C001,DAY1_100500000,DAY1,Tien,ego,main/day1/Tien/video/10.mp4,10:09:30.000,569.9800000000032,candidate_true_AB_contact_sheets/frames/DAY1_100500000/Tien_100930000.jpg,candidate_true_AB_contact_sheets/logs/DAY1_100500000/Tien_100930000.stderr.txt,ok_reused
C001,DAY1_100500000,DAY1,Werner,ego,main/day1/Werner/video/10.mp4,10:09:30.000,420.73999999999796,candidate_true_AB_contact_sheets/frames/DAY1_100500000/Werner_100930000.jpg,candidate_true_AB_contact_sheets/logs/DAY1_100500000/Werner_100930000.stderr.txt,ok_reused
C001,DAY1_100500000,DAY1,Meeting,static,main/day1/Meeting/video/10.mp4,10:09:30.000,570.0,candidate_true_AB_contact_sheets/frames/DAY1_100500000/Meeting_100930000.jpg,candidate_true_AB_contact_sheets/logs/DAY1_100500000/Meeting_100930000.stderr.txt,ok_reused
C002,DAY3_174500000,DAY3,Allie,ego,main/day3/Allie/video/17.mp4,17:45:30.000,2452.4199999999983,candidate_true_AB_contact_sheets/frames/DAY3_174500000/Allie_174530000.jpg,candidate_true_AB_contact_sheets/logs/DAY3_174500000/Allie_174530000.stderr.txt,ok
C002,DAY3_174500000,DAY3,Bjorn,ego,main/day3/Bjorn/video/17.mp4,17:45:30.000,855.3600000000006,candidate_true_AB_contact_sheets/frames/DAY3_174500000/Bjorn_174530000.jpg,candidate_true_AB_contact_sheets/logs/DAY3_174500000/Bjorn_174530000.stderr.txt,ok
C002,DAY3_174500000,DAY3,Cathal,ego,main/day3/Cathal/video/17.mp4,17:45:30.000,2447.519999999997,candidate_true_AB_contact_sheets/frames/DAY3_174500000/Cathal_174530000.jpg,candidate_true_AB_contact_sheets/logs/DAY3_174500000/Cathal_174530000.stderr.txt,ok
C002,DAY3_174500000,DAY3,Florian,ego,main/day3/Florian/video/17.mp4,17:45:30.000,2729.9400000000023,candidate_true_AB_contact_sheets/frames/DAY3_174500000/Florian_174530000.jpg,candidate_true_AB_contact_sheets/logs/DAY3_174500000/Florian_174530000.stderr.txt,ok
C002,DAY3_174500000,DAY3,Klaus,ego,main/day3/Klaus/video/17.mp4,17:45:30.000,304.41999999999825,candidate_true_AB_contact_sheets/frames/DAY3_174500000/Klaus_174530000.jpg,candidate_true_AB_contact_sheets/logs/DAY3_174500000/Klaus_174530000.stderr.txt,ok
C002,DAY3_174500000,DAY3,Luca,ego,main/day3/Luca/video/17.mp4,17:45:30.000,2572.279999999999,candidate_true_AB_contact_sheets/frames/DAY3_174500000/Luca_174530000.jpg,candidate_true_AB_contact_sheets/logs/DAY3_174500000/Luca_174530000.stderr.txt,ok
C002,DAY3_174500000,DAY3,Onanong,ego,main/day3/Onanong/video/17.mp4,17:45:30.000,2729.980000000003,candidate_true_AB_contact_sheets/frames/DAY3_174500000/Onanong_174530000.jpg,candidate_true_AB_contact_sheets/logs/DAY3_174500000/Onanong_174530000.stderr.txt,ok
C002,DAY3_174500000,DAY3,Stevan,ego,main/day3/Stevan/video/17.mp4,17:45:30.000,916.260000000002,candidate_true_AB_contact_sheets/frames/DAY3_174500000/Stevan_174530000.jpg,candidate_true_AB_contact_sheets/logs/DAY3_174500000/Stevan_174530000.stderr.txt,ok
C002,DAY3_174500000,DAY3,Tien,ego,main/day3/Tien/video/17.mp4,17:45:30.000,2462.6200000000026,candidate_true_AB_contact_sheets/frames/DAY3_174500000/Tien_174530000.jpg,candidate_true_AB_contact_sheets/logs/DAY3_174500000/Tien_174530000.stderr.txt,ok
C002,DAY3_174500000,DAY3,Werner,ego,main/day3/Werner/video/17.mp4,17:45:30.000,2729.959999999999,candidate_true_AB_contact_sheets/frames/DAY3_174500000/Werner_174530000.jpg,candidate_true_AB_contact_sheets/logs/DAY3_174500000/Werner_174530000.stderr.txt,ok
C002,DAY3_174500000,DAY3,Kitchen,static,main/day3/Kitchen/video/17.mp4,17:45:30.000,2730.0,candidate_true_AB_contact_sheets/frames/DAY3_174500000/Kitchen_174530000.jpg,candidate_true_AB_contact_sheets/logs/DAY3_174500000/Kitchen_174530000.stderr.txt,ok
C002,DAY3_174500000,DAY3,Living1,static,main/day3/Living1/video/17.mp4,17:45:30.000,2729.959999999999,candidate_true_AB_contact_sheets/frames/DAY3_174500000/Living1_174530000.jpg,candidate_true_AB_contact_sheets/logs/DAY3_174500000/Living1_174530000.stderr.txt,ok
C002,DAY3_174500000,DAY3,Living2,static,main/day3/Living2/video/17.mp4,17:45:30.000,2729.980000000003,candidate_true_AB_contact_sheets/frames/DAY3_174500000/Living2_174530000.jpg,candidate_true_AB_contact_sheets/logs/DAY3_174500000/Living2_174530000.stderr.txt,ok
C002,DAY3_174500000,DAY3,Meeting,static,main/day3/Meeting/video/17.mp4,17:45:30.000,2729.959999999999,candidate_true_AB_contact_sheets/frames/DAY3_174500000/Meeting_174530000.jpg,candidate_true_AB_contact_sheets/logs/DAY3_174500000/Meeting_174530000.stderr.txt,ok
C002,DAY3_174500000,DAY3,Reading,static,main/day3/Reading/video/17.mp4,17:45:30.000,2729.9199999999983,candidate_true_AB_contact_sheets/frames/DAY3_174500000/Reading_174530000.jpg,candidate_true_AB_contact_sheets/logs/DAY3_174500000/Reading_174530000.stderr.txt,ok
C002,DAY3_174500000,DAY3,Allie,ego,main/day3/Allie/video/17.mp4,17:47:30.000,2572.4199999999983,candidate_true_AB_contact_sheets/frames/DAY3_174500000/Allie_174730000.jpg,candidate_true_AB_contact_sheets/logs/DAY3_174500000/Allie_174730000.stderr.txt,ok
C002,DAY3_174500000,DAY3,Bjorn,ego,main/day3/Bjorn/video/17.mp4,17:47:30.000,975.3600000000006,candidate_true_AB_contact_sheets/frames/DAY3_174500000/Bjorn_174730000.jpg,candidate_true_AB_contact_sheets/logs/DAY3_174500000/Bjorn_174730000.stderr.txt,ok
C002,DAY3_174500000,DAY3,Cathal,ego,main/day3/Cathal/video/17.mp4,17:47:30.000,2567.519999999997,candidate_true_AB_contact_sheets/frames/DAY3_174500000/Cathal_174730000.jpg,candidate_true_AB_contact_sheets/logs/DAY3_174500000/Cathal_174730000.stderr.txt,ok
C002,DAY3_174500000,DAY3,Florian,ego,main/day3/Florian/video/17.mp4,17:47:30.000,2849.9400000000023,candidate_true_AB_contact_sheets/frames/DAY3_174500000/Florian_174730000.jpg,candidate_true_AB_contact_sheets/logs/DAY3_174500000/Florian_174730000.stderr.txt,ok
C002,DAY3_174500000,DAY3,Klaus,ego,main/day3/Klaus/video/17.mp4,17:47:30.000,424.41999999999825,candidate_true_AB_contact_sheets/frames/DAY3_174500000/Klaus_174730000.jpg,candidate_true_AB_contact_sheets/logs/DAY3_174500000/Klaus_174730000.stderr.txt,ok
C002,DAY3_174500000,DAY3,Luca,ego,main/day3/Luca/video/17.mp4,17:47:30.000,2692.279999999999,candidate_true_AB_contact_sheets/frames/DAY3_174500000/Luca_174730000.jpg,candidate_true_AB_contact_sheets/logs/DAY3_174500000/Luca_174730000.stderr.txt,ok
C002,DAY3_174500000,DAY3,Onanong,ego,main/day3/Onanong/video/17.mp4,17:47:30.000,2849.980000000003,candidate_true_AB_contact_sheets/frames/DAY3_174500000/Onanong_174730000.jpg,candidate_true_AB_contact_sheets/logs/DAY3_174500000/Onanong_174730000.stderr.txt,ok
C002,DAY3_174500000,DAY3,Stevan,ego,main/day3/Stevan/video/17.mp4,17:47:30.000,1036.260000000002,candidate_true_AB_contact_sheets/frames/DAY3_174500000/Stevan_174730000.jpg,candidate_true_AB_contact_sheets/logs/DAY3_174500000/Stevan_174730000.stderr.txt,ok
C002,DAY3_174500000,DAY3,Tien,ego,main/day3/Tien/video/17.mp4,17:47:30.000,2582.6200000000026,candidate_true_AB_contact_sheets/frames/DAY3_174500000/Tien_174730000.jpg,candidate_true_AB_contact_sheets/logs/DAY3_174500000/Tien_174730000.stderr.txt,ok
C002,DAY3_174500000,DAY3,Werner,ego,main/day3/Werner/video/17.mp4,17:47:30.000,2849.959999999999,candidate_true_AB_contact_sheets/frames/DAY3_174500000/Werner_174730000.jpg,candidate_true_AB_contact_sheets/logs/DAY3_174500000/Werner_174730000.stderr.txt,ok
C002,DAY3_174500000,DAY3,Kitchen,static,main/day3/Kitchen/video/17.mp4,17:47:30.000,2850.0,candidate_true_AB_contact_sheets/frames/DAY3_174500000/Kitchen_174730000.jpg,candidate_true_AB_contact_sheets/logs/DAY3_174500000/Kitchen_174730000.stderr.txt,ok
C002,DAY3_174500000,DAY3,Living1,static,main/day3/Living1/video/17.mp4,17:47:30.000,2849.959999999999,candidate_true_AB_contact_sheets/frames/DAY3_174500000/Living1_174730000.jpg,candidate_true_AB_contact_sheets/logs/DAY3_174500000/Living1_174730000.stderr.txt,ok
C002,DAY3_174500000,DAY3,Living2,static,main/day3/Living2/video/17.mp4,17:47:30.000,2849.980000000003,candidate_true_AB_contact_sheets/frames/DAY3_174500000/Living2_174730000.jpg,candidate_true_AB_contact_sheets/logs/DAY3_174500000/Living2_174730000.stderr.txt,ok
C002,DAY3_174500000,DAY3,Meeting,static,main/day3/Meeting/video/17.mp4,17:47:30.000,2849.959999999999,candidate_true_AB_contact_sheets/frames/DAY3_174500000/Meeting_174730000.jpg,candidate_true_AB_contact_sheets/logs/DAY3_174500000/Meeting_174730000.stderr.txt,ok
C002,DAY3_174500000,DAY3,Reading,static,main/day3/Reading/video/17.mp4,17:47:30.000,2849.9199999999983,candidate_true_AB_contact_sheets/frames/DAY3_174500000/Reading_174730000.jpg,candidate_true_AB_contact_sheets/logs/DAY3_174500000/Reading_174730000.stderr.txt,ok
C002,DAY3_174500000,DAY3,Allie,ego,main/day3/Allie/video/17.mp4,17:49:30.000,2692.4199999999983,candidate_true_AB_contact_sheets/frames/DAY3_174500000/Allie_174930000.jpg,candidate_true_AB_contact_sheets/logs/DAY3_174500000/Allie_174930000.stderr.txt,ok
C002,DAY3_174500000,DAY3,Bjorn,ego,main/day3/Bjorn/video/17.mp4,17:49:30.000,1095.3600000000006,candidate_true_AB_contact_sheets/frames/DAY3_174500000/Bjorn_174930000.jpg,candidate_true_AB_contact_sheets/logs/DAY3_174500000/Bjorn_174930000.stderr.txt,ok
C002,DAY3_174500000,DAY3,Cathal,ego,main/day3/Cathal/video/17.mp4,17:49:30.000,2687.519999999997,candidate_true_AB_contact_sheets/frames/DAY3_174500000/Cathal_174930000.jpg,candidate_true_AB_contact_sheets/logs/DAY3_174500000/Cathal_174930000.stderr.txt,ok
C002,DAY3_174500000,DAY3,Florian,ego,main/day3/Florian/video/17.mp4,17:49:30.000,2969.9400000000023,candidate_true_AB_contact_sheets/frames/DAY3_174500000/Florian_174930000.jpg,candidate_true_AB_contact_sheets/logs/DAY3_174500000/Florian_174930000.stderr.txt,ok
C002,DAY3_174500000,DAY3,Klaus,ego,main/day3/Klaus/video/17.mp4,17:49:30.000,544.4199999999983,candidate_true_AB_contact_sheets/frames/DAY3_174500000/Klaus_174930000.jpg,candidate_true_AB_contact_sheets/logs/DAY3_174500000/Klaus_174930000.stderr.txt,ok
C002,DAY3_174500000,DAY3,Luca,ego,main/day3/Luca/video/17.mp4,17:49:30.000,2812.279999999999,candidate_true_AB_contact_sheets/frames/DAY3_174500000/Luca_174930000.jpg,candidate_true_AB_contact_sheets/logs/DAY3_174500000/Luca_174930000.stderr.txt,ok
C002,DAY3_174500000,DAY3,Onanong,ego,main/day3/Onanong/video/17.mp4,17:49:30.000,2969.980000000003,candidate_true_AB_contact_sheets/frames/DAY3_174500000/Onanong_174930000.jpg,candidate_true_AB_contact_sheets/logs/DAY3_174500000/Onanong_174930000.stderr.txt,ok
C002,DAY3_174500000,DAY3,Stevan,ego,main/day3/Stevan/video/17.mp4,17:49:30.000,1156.260000000002,candidate_true_AB_contact_sheets/frames/DAY3_174500000/Stevan_174930000.jpg,candidate_true_AB_contact_sheets/logs/DAY3_174500000/Stevan_174930000.stderr.txt,ok
C002,DAY3_174500000,DAY3,Tien,ego,main/day3/Tien/video/17.mp4,17:49:30.000,2702.6200000000026,candidate_true_AB_contact_sheets/frames/DAY3_174500000/Tien_174930000.jpg,candidate_true_AB_contact_sheets/logs/DAY3_174500000/Tien_174930000.stderr.txt,ok
C002,DAY3_174500000,DAY3,Werner,ego,main/day3/Werner/video/17.mp4,17:49:30.000,2969.959999999999,candidate_true_AB_contact_sheets/frames/DAY3_174500000/Werner_174930000.jpg,candidate_true_AB_contact_sheets/logs/DAY3_174500000/Werner_174930000.stderr.txt,ok
C002,DAY3_174500000,DAY3,Kitchen,static,main/day3/Kitchen/video/17.mp4,17:49:30.000,2970.0,candidate_true_AB_contact_sheets/frames/DAY3_174500000/Kitchen_174930000.jpg,candidate_true_AB_contact_sheets/logs/DAY3_174500000/Kitchen_174930000.stderr.txt,ok
C002,DAY3_174500000,DAY3,Living1,static,main/day3/Living1/video/17.mp4,17:49:30.000,2969.959999999999,candidate_true_AB_contact_sheets/frames/DAY3_174500000/Living1_174930000.jpg,candidate_true_AB_contact_sheets/logs/DAY3_174500000/Living1_174930000.stderr.txt,ok
C002,DAY3_174500000,DAY3,Living2,static,main/day3/Living2/video/17.mp4,17:49:30.000,2969.980000000003,candidate_true_AB_contact_sheets/frames/DAY3_174500000/Living2_174930000.jpg,candidate_true_AB_contact_sheets/logs/DAY3_174500000/Living2_174930000.stderr.txt,ok
C002,DAY3_174500000,DAY3,Meeting,static,main/day3/Meeting/video/17.mp4,17:49:30.000,2969.959999999999,candidate_true_AB_contact_sheets/frames/DAY3_174500000/Meeting_174930000.jpg,candidate_true_AB_contact_sheets/logs/DAY3_174500000/Meeting_174930000.stderr.txt,ok
C002,DAY3_174500000,DAY3,Reading,static,main/day3/Reading/video/17.mp4,17:49:30.000,2969.9199999999983,candidate_true_AB_contact_sheets/frames/DAY3_174500000/Reading_174930000.jpg,candidate_true_AB_contact_sheets/logs/DAY3_174500000/Reading_174930000.stderr.txt,ok
C002,DAY3_174500000,DAY3,Cathal,ego,main/day3/Cathal/video/17.mp4,17:45:30.000,2447.519999999997,candidate_true_AB_contact_sheets/frames/DAY3_174500000/Cathal_174530000.jpg,candidate_true_AB_contact_sheets/logs/DAY3_174500000/Cathal_174530000.stderr.txt,ok_reused
C002,DAY3_174500000,DAY3,Florian,ego,main/day3/Florian/video/17.mp4,17:45:30.000,2729.9400000000023,candidate_true_AB_contact_sheets/frames/DAY3_174500000/Florian_174530000.jpg,candidate_true_AB_contact_sheets/logs/DAY3_174500000/Florian_174530000.stderr.txt,ok_reused
C002,DAY3_174500000,DAY3,Kitchen,static,main/day3/Kitchen/video/17.mp4,17:45:30.000,2730.0,candidate_true_AB_contact_sheets/frames/DAY3_174500000/Kitchen_174530000.jpg,candidate_true_AB_contact_sheets/logs/DAY3_174500000/Kitchen_174530000.stderr.txt,ok_reused
C002,DAY3_174500000,DAY3,Cathal,ego,main/day3/Cathal/video/17.mp4,17:47:30.000,2567.519999999997,candidate_true_AB_contact_sheets/frames/DAY3_174500000/Cathal_174730000.jpg,candidate_true_AB_contact_sheets/logs/DAY3_174500000/Cathal_174730000.stderr.txt,ok_reused
C002,DAY3_174500000,DAY3,Florian,ego,main/day3/Florian/video/17.mp4,17:47:30.000,2849.9400000000023,candidate_true_AB_contact_sheets/frames/DAY3_174500000/Florian_174730000.jpg,candidate_true_AB_contact_sheets/logs/DAY3_174500000/Florian_174730000.stderr.txt,ok_reused
C002,DAY3_174500000,DAY3,Kitchen,static,main/day3/Kitchen/video/17.mp4,17:47:30.000,2850.0,candidate_true_AB_contact_sheets/frames/DAY3_174500000/Kitchen_174730000.jpg,candidate_true_AB_contact_sheets/logs/DAY3_174500000/Kitchen_174730000.stderr.txt,ok_reused
C002,DAY3_174500000,DAY3,Cathal,ego,main/day3/Cathal/video/17.mp4,17:49:30.000,2687.519999999997,candidate_true_AB_contact_sheets/frames/DAY3_174500000/Cathal_174930000.jpg,candidate_true_AB_contact_sheets/logs/DAY3_174500000/Cathal_174930000.stderr.txt,ok_reused
C002,DAY3_174500000,DAY3,Florian,ego,main/day3/Florian/video/17.mp4,17:49:30.000,2969.9400000000023,candidate_true_AB_contact_sheets/frames/DAY3_174500000/Florian_174930000.jpg,candidate_true_AB_contact_sheets/logs/DAY3_174500000/Florian_174930000.stderr.txt,ok_reused
C002,DAY3_174500000,DAY3,Kitchen,static,main/day3/Kitchen/video/17.mp4,17:49:30.000,2970.0,candidate_true_AB_contact_sheets/frames/DAY3_174500000/Kitchen_174930000.jpg,candidate_true_AB_contact_sheets/logs/DAY3_174500000/Kitchen_174930000.stderr.txt,ok_reused
C003,DAY4_120500000,DAY4,Allie,ego,main/day4/Allie/video/12.mp4,12:05:30.000,329.91999999999825,candidate_true_AB_contact_sheets/frames/DAY4_120500000/Allie_120530000.jpg,candidate_true_AB_contact_sheets/logs/DAY4_120500000/Allie_120530000.stderr.txt,ok
C003,DAY4_120500000,DAY4,Bao,ego,main/day4/Bao/video/12.mp4,12:05:30.000,330.0,candidate_true_AB_contact_sheets/frames/DAY4_120500000/Bao_120530000.jpg,candidate_true_AB_contact_sheets/logs/DAY4_120500000/Bao_120530000.stderr.txt,ok
C003,DAY4_120500000,DAY4,Bjorn,ego,main/day4/Bjorn/video/12.mp4,12:05:30.000,256.90000000000146,candidate_true_AB_contact_sheets/frames/DAY4_120500000/Bjorn_120530000.jpg,candidate_true_AB_contact_sheets/logs/DAY4_120500000/Bjorn_120530000.stderr.txt,ok
C003,DAY4_120500000,DAY4,Cathal,ego,main/day4/Cathal/video/12.mp4,12:05:30.000,35.26000000000204,candidate_true_AB_contact_sheets/frames/DAY4_120500000/Cathal_120530000.jpg,candidate_true_AB_contact_sheets/logs/DAY4_120500000/Cathal_120530000.stderr.txt,ok
C003,DAY4_120500000,DAY4,Florian,ego,main/day4/Florian/video/12.mp4,12:05:30.000,330.0,candidate_true_AB_contact_sheets/frames/DAY4_120500000/Florian_120530000.jpg,candidate_true_AB_contact_sheets/logs/DAY4_120500000/Florian_120530000.stderr.txt,ok
C003,DAY4_120500000,DAY4,Klaus,ego,main/day4/Klaus/video/12.mp4,12:05:30.000,329.9400000000023,candidate_true_AB_contact_sheets/frames/DAY4_120500000/Klaus_120530000.jpg,candidate_true_AB_contact_sheets/logs/DAY4_120500000/Klaus_120530000.stderr.txt,ok
C003,DAY4_120500000,DAY4,Luca,ego,main/day4/Luca/video/12.mp4,12:05:30.000,330.0,candidate_true_AB_contact_sheets/frames/DAY4_120500000/Luca_120530000.jpg,candidate_true_AB_contact_sheets/logs/DAY4_120500000/Luca_120530000.stderr.txt,ok
C003,DAY4_120500000,DAY4,Onanong,ego,main/day4/Onanong/video/12.mp4,12:05:30.000,329.9800000000032,candidate_true_AB_contact_sheets/frames/DAY4_120500000/Onanong_120530000.jpg,candidate_true_AB_contact_sheets/logs/DAY4_120500000/Onanong_120530000.stderr.txt,ok
C003,DAY4_120500000,DAY4,Stevan,ego,main/day4/Stevan/video/12.mp4,12:05:30.000,329.9400000000023,candidate_true_AB_contact_sheets/frames/DAY4_120500000/Stevan_120530000.jpg,candidate_true_AB_contact_sheets/logs/DAY4_120500000/Stevan_120530000.stderr.txt,ok
C003,DAY4_120500000,DAY4,Werner,ego,main/day4/Werner/video/12.mp4,12:05:30.000,329.9599999999991,candidate_true_AB_contact_sheets/frames/DAY4_120500000/Werner_120530000.jpg,candidate_true_AB_contact_sheets/logs/DAY4_120500000/Werner_120530000.stderr.txt,ok
C003,DAY4_120500000,DAY4,Kitchen,static,main/day4/Kitchen/video/12.mp4,12:05:30.000,329.91999999999825,candidate_true_AB_contact_sheets/frames/DAY4_120500000/Kitchen_120530000.jpg,candidate_true_AB_contact_sheets/logs/DAY4_120500000/Kitchen_120530000.stderr.txt,ok
C003,DAY4_120500000,DAY4,Living1,static,main/day4/Living1/video/12.mp4,12:05:30.000,329.91999999999825,candidate_true_AB_contact_sheets/frames/DAY4_120500000/Living1_120530000.jpg,candidate_true_AB_contact_sheets/logs/DAY4_120500000/Living1_120530000.stderr.txt,ok
C003,DAY4_120500000,DAY4,Living2,static,main/day4/Living2/video/12.mp4,12:05:30.000,329.9800000000032,candidate_true_AB_contact_sheets/frames/DAY4_120500000/Living2_120530000.jpg,candidate_true_AB_contact_sheets/logs/DAY4_120500000/Living2_120530000.stderr.txt,ok
C003,DAY4_120500000,DAY4,Meeting,static,main/day4/Meeting/video/12.mp4,12:05:30.000,330.0,candidate_true_AB_contact_sheets/frames/DAY4_120500000/Meeting_120530000.jpg,candidate_true_AB_contact_sheets/logs/DAY4_120500000/Meeting_120530000.stderr.txt,ok
C003,DAY4_120500000,DAY4,Reading,static,main/day4/Reading/video/12.mp4,12:05:30.000,330.0,candidate_true_AB_contact_sheets/frames/DAY4_120500000/Reading_120530000.jpg,candidate_true_AB_contact_sheets/logs/DAY4_120500000/Reading_120530000.stderr.txt,ok
C003,DAY4_120500000,DAY4,Allie,ego,main/day4/Allie/video/12.mp4,12:07:30.000,449.91999999999825,candidate_true_AB_contact_sheets/frames/DAY4_120500000/Allie_120730000.jpg,candidate_true_AB_contact_sheets/logs/DAY4_120500000/Allie_120730000.stderr.txt,ok
C003,DAY4_120500000,DAY4,Bao,ego,main/day4/Bao/video/12.mp4,12:07:30.000,450.0,candidate_true_AB_contact_sheets/frames/DAY4_120500000/Bao_120730000.jpg,candidate_true_AB_contact_sheets/logs/DAY4_120500000/Bao_120730000.stderr.txt,ok
C003,DAY4_120500000,DAY4,Bjorn,ego,main/day4/Bjorn/video/12.mp4,12:07:30.000,376.90000000000146,candidate_true_AB_contact_sheets/frames/DAY4_120500000/Bjorn_120730000.jpg,candidate_true_AB_contact_sheets/logs/DAY4_120500000/Bjorn_120730000.stderr.txt,ok
C003,DAY4_120500000,DAY4,Cathal,ego,main/day4/Cathal/video/12.mp4,12:07:30.000,155.26000000000204,candidate_true_AB_contact_sheets/frames/DAY4_120500000/Cathal_120730000.jpg,candidate_true_AB_contact_sheets/logs/DAY4_120500000/Cathal_120730000.stderr.txt,ok
C003,DAY4_120500000,DAY4,Florian,ego,main/day4/Florian/video/12.mp4,12:07:30.000,450.0,candidate_true_AB_contact_sheets/frames/DAY4_120500000/Florian_120730000.jpg,candidate_true_AB_contact_sheets/logs/DAY4_120500000/Florian_120730000.stderr.txt,ok
C003,DAY4_120500000,DAY4,Klaus,ego,main/day4/Klaus/video/12.mp4,12:07:30.000,449.9400000000023,candidate_true_AB_contact_sheets/frames/DAY4_120500000/Klaus_120730000.jpg,candidate_true_AB_contact_sheets/logs/DAY4_120500000/Klaus_120730000.stderr.txt,ok
C003,DAY4_120500000,DAY4,Luca,ego,main/day4/Luca/video/12.mp4,12:07:30.000,450.0,candidate_true_AB_contact_sheets/frames/DAY4_120500000/Luca_120730000.jpg,candidate_true_AB_contact_sheets/logs/DAY4_120500000/Luca_120730000.stderr.txt,ok
C003,DAY4_120500000,DAY4,Onanong,ego,main/day4/Onanong/video/12.mp4,12:07:30.000,449.9800000000032,candidate_true_AB_contact_sheets/frames/DAY4_120500000/Onanong_120730000.jpg,candidate_true_AB_contact_sheets/logs/DAY4_120500000/Onanong_120730000.stderr.txt,ok
C003,DAY4_120500000,DAY4,Stevan,ego,main/day4/Stevan/video/12.mp4,12:07:30.000,449.9400000000023,candidate_true_AB_contact_sheets/frames/DAY4_120500000/Stevan_120730000.jpg,candidate_true_AB_contact_sheets/logs/DAY4_120500000/Stevan_120730000.stderr.txt,ok
C003,DAY4_120500000,DAY4,Werner,ego,main/day4/Werner/video/12.mp4,12:07:30.000,449.9599999999991,candidate_true_AB_contact_sheets/frames/DAY4_120500000/Werner_120730000.jpg,candidate_true_AB_contact_sheets/logs/DAY4_120500000/Werner_120730000.stderr.txt,ok
C003,DAY4_120500000,DAY4,Kitchen,static,main/day4/Kitchen/video/12.mp4,12:07:30.000,449.91999999999825,candidate_true_AB_contact_sheets/frames/DAY4_120500000/Kitchen_120730000.jpg,candidate_true_AB_contact_sheets/logs/DAY4_120500000/Kitchen_120730000.stderr.txt,ok
C003,DAY4_120500000,DAY4,Living1,static,main/day4/Living1/video/12.mp4,12:07:30.000,449.91999999999825,candidate_true_AB_contact_sheets/frames/DAY4_120500000/Living1_120730000.jpg,candidate_true_AB_contact_sheets/logs/DAY4_120500000/Living1_120730000.stderr.txt,ok
C003,DAY4_120500000,DAY4,Living2,static,main/day4/Living2/video/12.mp4,12:07:30.000,449.9800000000032,candidate_true_AB_contact_sheets/frames/DAY4_120500000/Living2_120730000.jpg,candidate_true_AB_contact_sheets/logs/DAY4_120500000/Living2_120730000.stderr.txt,ok
C003,DAY4_120500000,DAY4,Meeting,static,main/day4/Meeting/video/12.mp4,12:07:30.000,450.0,candidate_true_AB_contact_sheets/frames/DAY4_120500000/Meeting_120730000.jpg,candidate_true_AB_contact_sheets/logs/DAY4_120500000/Meeting_120730000.stderr.txt,ok
C003,DAY4_120500000,DAY4,Reading,static,main/day4/Reading/video/12.mp4,12:07:30.000,450.0,candidate_true_AB_contact_sheets/frames/DAY4_120500000/Reading_120730000.jpg,candidate_true_AB_contact_sheets/logs/DAY4_120500000/Reading_120730000.stderr.txt,ok
C003,DAY4_120500000,DAY4,Allie,ego,main/day4/Allie/video/12.mp4,12:09:30.000,569.9199999999983,candidate_true_AB_contact_sheets/frames/DAY4_120500000/Allie_120930000.jpg,candidate_true_AB_contact_sheets/logs/DAY4_120500000/Allie_120930000.stderr.txt,ok
C003,DAY4_120500000,DAY4,Bao,ego,main/day4/Bao/video/12.mp4,12:09:30.000,570.0,candidate_true_AB_contact_sheets/frames/DAY4_120500000/Bao_120930000.jpg,candidate_true_AB_contact_sheets/logs/DAY4_120500000/Bao_120930000.stderr.txt,ok
C003,DAY4_120500000,DAY4,Bjorn,ego,main/day4/Bjorn/video/12.mp4,12:09:30.000,496.90000000000146,candidate_true_AB_contact_sheets/frames/DAY4_120500000/Bjorn_120930000.jpg,candidate_true_AB_contact_sheets/logs/DAY4_120500000/Bjorn_120930000.stderr.txt,ok
C003,DAY4_120500000,DAY4,Cathal,ego,main/day4/Cathal/video/12.mp4,12:09:30.000,275.26000000000204,candidate_true_AB_contact_sheets/frames/DAY4_120500000/Cathal_120930000.jpg,candidate_true_AB_contact_sheets/logs/DAY4_120500000/Cathal_120930000.stderr.txt,ok
C003,DAY4_120500000,DAY4,Florian,ego,main/day4/Florian/video/12.mp4,12:09:30.000,570.0,candidate_true_AB_contact_sheets/frames/DAY4_120500000/Florian_120930000.jpg,candidate_true_AB_contact_sheets/logs/DAY4_120500000/Florian_120930000.stderr.txt,ok
C003,DAY4_120500000,DAY4,Klaus,ego,main/day4/Klaus/video/12.mp4,12:09:30.000,569.9400000000023,candidate_true_AB_contact_sheets/frames/DAY4_120500000/Klaus_120930000.jpg,candidate_true_AB_contact_sheets/logs/DAY4_120500000/Klaus_120930000.stderr.txt,ok
C003,DAY4_120500000,DAY4,Luca,ego,main/day4/Luca/video/12.mp4,12:09:30.000,570.0,candidate_true_AB_contact_sheets/frames/DAY4_120500000/Luca_120930000.jpg,candidate_true_AB_contact_sheets/logs/DAY4_120500000/Luca_120930000.stderr.txt,ok
C003,DAY4_120500000,DAY4,Onanong,ego,main/day4/Onanong/video/12.mp4,12:09:30.000,569.9800000000032,candidate_true_AB_contact_sheets/frames/DAY4_120500000/Onanong_120930000.jpg,candidate_true_AB_contact_sheets/logs/DAY4_120500000/Onanong_120930000.stderr.txt,ok
C003,DAY4_120500000,DAY4,Stevan,ego,main/day4/Stevan/video/12.mp4,12:09:30.000,569.9400000000023,candidate_true_AB_contact_sheets/frames/DAY4_120500000/Stevan_120930000.jpg,candidate_true_AB_contact_sheets/logs/DAY4_120500000/Stevan_120930000.stderr.txt,ok
C003,DAY4_120500000,DAY4,Werner,ego,main/day4/Werner/video/12.mp4,12:09:30.000,569.9599999999991,candidate_true_AB_contact_sheets/frames/DAY4_120500000/Werner_120930000.jpg,candidate_true_AB_contact_sheets/logs/DAY4_120500000/Werner_120930000.stderr.txt,ok
C003,DAY4_120500000,DAY4,Kitchen,static,main/day4/Kitchen/video/12.mp4,12:09:30.000,569.9199999999983,candidate_true_AB_contact_sheets/frames/DAY4_120500000/Kitchen_120930000.jpg,candidate_true_AB_contact_sheets/logs/DAY4_120500000/Kitchen_120930000.stderr.txt,ok
C003,DAY4_120500000,DAY4,Living1,static,main/day4/Living1/video/12.mp4,12:09:30.000,569.9199999999983,candidate_true_AB_contact_sheets/frames/DAY4_120500000/Living1_120930000.jpg,candidate_true_AB_contact_sheets/logs/DAY4_120500000/Living1_120930000.stderr.txt,ok
C003,DAY4_120500000,DAY4,Living2,static,main/day4/Living2/video/12.mp4,12:09:30.000,569.9800000000032,candidate_true_AB_contact_sheets/frames/DAY4_120500000/Living2_120930000.jpg,candidate_true_AB_contact_sheets/logs/DAY4_120500000/Living2_120930000.stderr.txt,ok
C003,DAY4_120500000,DAY4,Meeting,static,main/day4/Meeting/video/12.mp4,12:09:30.000,570.0,candidate_true_AB_contact_sheets/frames/DAY4_120500000/Meeting_120930000.jpg,candidate_true_AB_contact_sheets/logs/DAY4_120500000/Meeting_120930000.stderr.txt,ok
C003,DAY4_120500000,DAY4,Reading,static,main/day4/Reading/video/12.mp4,12:09:30.000,570.0,candidate_true_AB_contact_sheets/frames/DAY4_120500000/Reading_120930000.jpg,candidate_true_AB_contact_sheets/logs/DAY4_120500000/Reading_120930000.stderr.txt,ok
C003,DAY4_120500000,DAY4,Allie,ego,main/day4/Allie/video/12.mp4,12:05:30.000,329.91999999999825,candidate_true_AB_contact_sheets/frames/DAY4_120500000/Allie_120530000.jpg,candidate_true_AB_contact_sheets/logs/DAY4_120500000/Allie_120530000.stderr.txt,ok_reused
C003,DAY4_120500000,DAY4,Bao,ego,main/day4/Bao/video/12.mp4,12:05:30.000,330.0,candidate_true_AB_contact_sheets/frames/DAY4_120500000/Bao_120530000.jpg,candidate_true_AB_contact_sheets/logs/DAY4_120500000/Bao_120530000.stderr.txt,ok_reused
C003,DAY4_120500000,DAY4,Living1,static,main/day4/Living1/video/12.mp4,12:05:30.000,329.91999999999825,candidate_true_AB_contact_sheets/frames/DAY4_120500000/Living1_120530000.jpg,candidate_true_AB_contact_sheets/logs/DAY4_120500000/Living1_120530000.stderr.txt,ok_reused
C003,DAY4_120500000,DAY4,Allie,ego,main/day4/Allie/video/12.mp4,12:07:30.000,449.91999999999825,candidate_true_AB_contact_sheets/frames/DAY4_120500000/Allie_120730000.jpg,candidate_true_AB_contact_sheets/logs/DAY4_120500000/Allie_120730000.stderr.txt,ok_reused
C003,DAY4_120500000,DAY4,Bao,ego,main/day4/Bao/video/12.mp4,12:07:30.000,450.0,candidate_true_AB_contact_sheets/frames/DAY4_120500000/Bao_120730000.jpg,candidate_true_AB_contact_sheets/logs/DAY4_120500000/Bao_120730000.stderr.txt,ok_reused
C003,DAY4_120500000,DAY4,Living1,static,main/day4/Living1/video/12.mp4,12:07:30.000,449.91999999999825,candidate_true_AB_contact_sheets/frames/DAY4_120500000/Living1_120730000.jpg,candidate_true_AB_contact_sheets/logs/DAY4_120500000/Living1_120730000.stderr.txt,ok_reused
C003,DAY4_120500000,DAY4,Allie,ego,main/day4/Allie/video/12.mp4,12:09:30.000,569.9199999999983,candidate_true_AB_contact_sheets/frames/DAY4_120500000/Allie_120930000.jpg,candidate_true_AB_contact_sheets/logs/DAY4_120500000/Allie_120930000.stderr.txt,ok_reused
C003,DAY4_120500000,DAY4,Bao,ego,main/day4/Bao/video/12.mp4,12:09:30.000,570.0,candidate_true_AB_contact_sheets/frames/DAY4_120500000/Bao_120930000.jpg,candidate_true_AB_contact_sheets/logs/DAY4_120500000/Bao_120930000.stderr.txt,ok_reused
C003,DAY4_120500000,DAY4,Living1,static,main/day4/Living1/video/12.mp4,12:09:30.000,569.9199999999983,candidate_true_AB_contact_sheets/frames/DAY4_120500000/Living1_120930000.jpg,candidate_true_AB_contact_sheets/logs/DAY4_120500000/Living1_120930000.stderr.txt,ok_reused
C004,DAY1_102000000,DAY1,Allie,ego,main/day1/Allie/video/10.mp4,10:22:30.000,1350.0,candidate_true_AB_contact_sheets/frames/DAY1_102000000/Allie_102230000.jpg,candidate_true_AB_contact_sheets/logs/DAY1_102000000/Allie_102230000.stderr.txt,ok
C004,DAY1_102000000,DAY1,Bjorn,ego,main/day1/Bjorn/video/10.mp4,10:22:30.000,1349.9400000000023,candidate_true_AB_contact_sheets/frames/DAY1_102000000/Bjorn_102230000.jpg,candidate_true_AB_contact_sheets/logs/DAY1_102000000/Bjorn_102230000.stderr.txt,ok
C004,DAY1_102000000,DAY1,Cathal,ego,main/day1/Cathal/video/10.mp4,10:22:30.000,1349.9599999999991,candidate_true_AB_contact_sheets/frames/DAY1_102000000/Cathal_102230000.jpg,candidate_true_AB_contact_sheets/logs/DAY1_102000000/Cathal_102230000.stderr.txt,ok
C004,DAY1_102000000,DAY1,Florian,ego,main/day1/Florian/video/10.mp4,10:22:30.000,1349.9400000000023,candidate_true_AB_contact_sheets/frames/DAY1_102000000/Florian_102230000.jpg,candidate_true_AB_contact_sheets/logs/DAY1_102000000/Florian_102230000.stderr.txt,ok
C004,DAY1_102000000,DAY1,Klaus,ego,main/day1/Klaus/video/10.mp4,10:22:30.000,1115.260000000002,candidate_true_AB_contact_sheets/frames/DAY1_102000000/Klaus_102230000.jpg,candidate_true_AB_contact_sheets/logs/DAY1_102000000/Klaus_102230000.stderr.txt,ok
C004,DAY1_102000000,DAY1,Luca,ego,main/day1/Luca/video/10.mp4,10:22:30.000,1349.9400000000023,candidate_true_AB_contact_sheets/frames/DAY1_102000000/Luca_102230000.jpg,candidate_true_AB_contact_sheets/logs/DAY1_102000000/Luca_102230000.stderr.txt,ok
C004,DAY1_102000000,DAY1,Onanong,ego,main/day1/Onanong/video/10.mp4,10:22:30.000,1350.0,candidate_true_AB_contact_sheets/frames/DAY1_102000000/Onanong_102230000.jpg,candidate_true_AB_contact_sheets/logs/DAY1_102000000/Onanong_102230000.stderr.txt,ok
C004,DAY1_102000000,DAY1,Stevan,ego,main/day1/Stevan/video/10.mp4,10:22:30.000,1349.9800000000032,candidate_true_AB_contact_sheets/frames/DAY1_102000000/Stevan_102230000.jpg,candidate_true_AB_contact_sheets/logs/DAY1_102000000/Stevan_102230000.stderr.txt,ok
C004,DAY1_102000000,DAY1,Tien,ego,main/day1/Tien/video/10.mp4,10:22:30.000,1349.9800000000032,candidate_true_AB_contact_sheets/frames/DAY1_102000000/Tien_102230000.jpg,candidate_true_AB_contact_sheets/logs/DAY1_102000000/Tien_102230000.stderr.txt,ok
C004,DAY1_102000000,DAY1,Werner,ego,main/day1/Werner/video/10.mp4,10:22:30.000,1200.739999999998,candidate_true_AB_contact_sheets/frames/DAY1_102000000/Werner_102230000.jpg,candidate_true_AB_contact_sheets/logs/DAY1_102000000/Werner_102230000.stderr.txt,ok
C004,DAY1_102000000,DAY1,Kitchen,static,main/day1/Kitchen/video/10.mp4,10:22:30.000,1349.9400000000023,candidate_true_AB_contact_sheets/frames/DAY1_102000000/Kitchen_102230000.jpg,candidate_true_AB_contact_sheets/logs/DAY1_102000000/Kitchen_102230000.stderr.txt,ok
C004,DAY1_102000000,DAY1,Living1,static,main/day1/Living1/video/10.mp4,10:22:30.000,1349.9599999999991,candidate_true_AB_contact_sheets/frames/DAY1_102000000/Living1_102230000.jpg,candidate_true_AB_contact_sheets/logs/DAY1_102000000/Living1_102230000.stderr.txt,ok
C004,DAY1_102000000,DAY1,Living2,static,main/day1/Living2/video/10.mp4,10:22:30.000,1349.9400000000023,candidate_true_AB_contact_sheets/frames/DAY1_102000000/Living2_102230000.jpg,candidate_true_AB_contact_sheets/logs/DAY1_102000000/Living2_102230000.stderr.txt,ok
C004,DAY1_102000000,DAY1,Meeting,static,main/day1/Meeting/video/10.mp4,10:22:30.000,1350.0,candidate_true_AB_contact_sheets/frames/DAY1_102000000/Meeting_102230000.jpg,candidate_true_AB_contact_sheets/logs/DAY1_102000000/Meeting_102230000.stderr.txt,ok
C004,DAY1_102000000,DAY1,Reading,static,main/day1/Reading/video/10.mp4,10:22:30.000,1349.9599999999991,candidate_true_AB_contact_sheets/frames/DAY1_102000000/Reading_102230000.jpg,candidate_true_AB_contact_sheets/logs/DAY1_102000000/Reading_102230000.stderr.txt,ok
C004,DAY1_102000000,DAY1,Tien,ego,main/day1/Tien/video/10.mp4,10:20:30.000,1229.9800000000032,candidate_true_AB_contact_sheets/frames/DAY1_102000000/Tien_102030000.jpg,candidate_true_AB_contact_sheets/logs/DAY1_102000000/Tien_102030000.stderr.txt,ok
C004,DAY1_102000000,DAY1,Werner,ego,main/day1/Werner/video/10.mp4,10:20:30.000,1080.739999999998,candidate_true_AB_contact_sheets/frames/DAY1_102000000/Werner_102030000.jpg,candidate_true_AB_contact_sheets/logs/DAY1_102000000/Werner_102030000.stderr.txt,ok
C004,DAY1_102000000,DAY1,Meeting,static,main/day1/Meeting/video/10.mp4,10:20:30.000,1230.0,candidate_true_AB_contact_sheets/frames/DAY1_102000000/Meeting_102030000.jpg,candidate_true_AB_contact_sheets/logs/DAY1_102000000/Meeting_102030000.stderr.txt,ok
C004,DAY1_102000000,DAY1,Tien,ego,main/day1/Tien/video/10.mp4,10:22:30.000,1349.9800000000032,candidate_true_AB_contact_sheets/frames/DAY1_102000000/Tien_102230000.jpg,candidate_true_AB_contact_sheets/logs/DAY1_102000000/Tien_102230000.stderr.txt,ok_reused
C004,DAY1_102000000,DAY1,Werner,ego,main/day1/Werner/video/10.mp4,10:22:30.000,1200.739999999998,candidate_true_AB_contact_sheets/frames/DAY1_102000000/Werner_102230000.jpg,candidate_true_AB_contact_sheets/logs/DAY1_102000000/Werner_102230000.stderr.txt,ok_reused
C004,DAY1_102000000,DAY1,Meeting,static,main/day1/Meeting/video/10.mp4,10:22:30.000,1350.0,candidate_true_AB_contact_sheets/frames/DAY1_102000000/Meeting_102230000.jpg,candidate_true_AB_contact_sheets/logs/DAY1_102000000/Meeting_102230000.stderr.txt,ok_reused
C004,DAY1_102000000,DAY1,Tien,ego,main/day1/Tien/video/10.mp4,10:24:30.000,1469.9800000000032,candidate_true_AB_contact_sheets/frames/DAY1_102000000/Tien_102430000.jpg,candidate_true_AB_contact_sheets/logs/DAY1_102000000/Tien_102430000.stderr.txt,ok
C004,DAY1_102000000,DAY1,Werner,ego,main/day1/Werner/video/10.mp4,10:24:30.000,1320.739999999998,candidate_true_AB_contact_sheets/frames/DAY1_102000000/Werner_102430000.jpg,candidate_true_AB_contact_sheets/logs/DAY1_102000000/Werner_102430000.stderr.txt,ok
C004,DAY1_102000000,DAY1,Meeting,static,main/day1/Meeting/video/10.mp4,10:24:30.000,1470.0,candidate_true_AB_contact_sheets/frames/DAY1_102000000/Meeting_102430000.jpg,candidate_true_AB_contact_sheets/logs/DAY1_102000000/Meeting_102430000.stderr.txt,ok
C005,DAY2_141000000,DAY2,Allie,ego,main/day2/Allie/video/14.mp4,14:12:30.000,749.9599999999991,candidate_true_AB_contact_sheets/frames/DAY2_141000000/Allie_141230000.jpg,candidate_true_AB_contact_sheets/logs/DAY2_141000000/Allie_141230000.stderr.txt,ok
C005,DAY2_141000000,DAY2,Bjorn,ego,main/day2/Bjorn/video/14.mp4,14:12:30.000,243.58000000000175,candidate_true_AB_contact_sheets/frames/DAY2_141000000/Bjorn_141230000.jpg,candidate_true_AB_contact_sheets/logs/DAY2_141000000/Bjorn_141230000.stderr.txt,ok
C005,DAY2_141000000,DAY2,Cathal,ego,main/day2/Cathal/video/14.mp4,14:12:30.000,749.9400000000023,candidate_true_AB_contact_sheets/frames/DAY2_141000000/Cathal_141230000.jpg,candidate_true_AB_contact_sheets/logs/DAY2_141000000/Cathal_141230000.stderr.txt,ok
C005,DAY2_141000000,DAY2,Florian,ego,main/day2/Florian/video/14.mp4,14:12:30.000,750.0,candidate_true_AB_contact_sheets/frames/DAY2_141000000/Florian_141230000.jpg,candidate_true_AB_contact_sheets/logs/DAY2_141000000/Florian_141230000.stderr.txt,ok
C005,DAY2_141000000,DAY2,Klaus,ego,main/day2/Klaus/video/14.mp4,14:12:30.000,749.9599999999991,candidate_true_AB_contact_sheets/frames/DAY2_141000000/Klaus_141230000.jpg,candidate_true_AB_contact_sheets/logs/DAY2_141000000/Klaus_141230000.stderr.txt,ok
C005,DAY2_141000000,DAY2,Luca,ego,main/day2/Luca/video/14.mp4,14:12:30.000,749.9599999999991,candidate_true_AB_contact_sheets/frames/DAY2_141000000/Luca_141230000.jpg,candidate_true_AB_contact_sheets/logs/DAY2_141000000/Luca_141230000.stderr.txt,ok
C005,DAY2_141000000,DAY2,Onanong,ego,main/day2/Onanong/video/14.mp4,14:12:30.000,750.0,candidate_true_AB_contact_sheets/frames/DAY2_141000000/Onanong_141230000.jpg,candidate_true_AB_contact_sheets/logs/DAY2_141000000/Onanong_141230000.stderr.txt,ok
C005,DAY2_141000000,DAY2,Tien,ego,main/day2/Tien/video/14.mp4,14:12:30.000,750.0,candidate_true_AB_contact_sheets/frames/DAY2_141000000/Tien_141230000.jpg,candidate_true_AB_contact_sheets/logs/DAY2_141000000/Tien_141230000.stderr.txt,ok
C005,DAY2_141000000,DAY2,Werner,ego,main/day2/Werner/video/14.mp4,14:12:30.000,749.9199999999983,candidate_true_AB_contact_sheets/frames/DAY2_141000000/Werner_141230000.jpg,candidate_true_AB_contact_sheets/logs/DAY2_141000000/Werner_141230000.stderr.txt,ok
C005,DAY2_141000000,DAY2,Kitchen,static,main/day2/Kitchen/video/14.mp4,14:12:30.000,750.0,candidate_true_AB_contact_sheets/frames/DAY2_141000000/Kitchen_141230000.jpg,candidate_true_AB_contact_sheets/logs/DAY2_141000000/Kitchen_141230000.stderr.txt,ok
C005,DAY2_141000000,DAY2,Living1,static,main/day2/Living1/video/14.mp4,14:12:30.000,749.9199999999983,candidate_true_AB_contact_sheets/frames/DAY2_141000000/Living1_141230000.jpg,candidate_true_AB_contact_sheets/logs/DAY2_141000000/Living1_141230000.stderr.txt,ok
C005,DAY2_141000000,DAY2,Living2,static,main/day2/Living2/video/14.mp4,14:12:30.000,749.9199999999983,candidate_true_AB_contact_sheets/frames/DAY2_141000000/Living2_141230000.jpg,candidate_true_AB_contact_sheets/logs/DAY2_141000000/Living2_141230000.stderr.txt,ok
C005,DAY2_141000000,DAY2,Meeting,static,main/day2/Meeting/video/14.mp4,14:12:30.000,750.0,candidate_true_AB_contact_sheets/frames/DAY2_141000000/Meeting_141230000.jpg,candidate_true_AB_contact_sheets/logs/DAY2_141000000/Meeting_141230000.stderr.txt,ok
C005,DAY2_141000000,DAY2,Reading,static,main/day2/Reading/video/14.mp4,14:12:30.000,749.9599999999991,candidate_true_AB_contact_sheets/frames/DAY2_141000000/Reading_141230000.jpg,candidate_true_AB_contact_sheets/logs/DAY2_141000000/Reading_141230000.stderr.txt,ok
C005,DAY2_141000000,DAY2,Allie,ego,main/day2/Allie/video/14.mp4,14:10:30.000,629.9599999999991,candidate_true_AB_contact_sheets/frames/DAY2_141000000/Allie_141030000.jpg,candidate_true_AB_contact_sheets/logs/DAY2_141000000/Allie_141030000.stderr.txt,ok
C005,DAY2_141000000,DAY2,Bjorn,ego,main/day2/Bjorn/video/14.mp4,14:10:30.000,123.58000000000175,candidate_true_AB_contact_sheets/frames/DAY2_141000000/Bjorn_141030000.jpg,candidate_true_AB_contact_sheets/logs/DAY2_141000000/Bjorn_141030000.stderr.txt,ok
C005,DAY2_141000000,DAY2,Living1,static,main/day2/Living1/video/14.mp4,14:10:30.000,629.9199999999983,candidate_true_AB_contact_sheets/frames/DAY2_141000000/Living1_141030000.jpg,candidate_true_AB_contact_sheets/logs/DAY2_141000000/Living1_141030000.stderr.txt,ok
C005,DAY2_141000000,DAY2,Allie,ego,main/day2/Allie/video/14.mp4,14:12:30.000,749.9599999999991,candidate_true_AB_contact_sheets/frames/DAY2_141000000/Allie_141230000.jpg,candidate_true_AB_contact_sheets/logs/DAY2_141000000/Allie_141230000.stderr.txt,ok_reused
C005,DAY2_141000000,DAY2,Bjorn,ego,main/day2/Bjorn/video/14.mp4,14:12:30.000,243.58000000000175,candidate_true_AB_contact_sheets/frames/DAY2_141000000/Bjorn_141230000.jpg,candidate_true_AB_contact_sheets/logs/DAY2_141000000/Bjorn_141230000.stderr.txt,ok_reused
C005,DAY2_141000000,DAY2,Living1,static,main/day2/Living1/video/14.mp4,14:12:30.000,749.9199999999983,candidate_true_AB_contact_sheets/frames/DAY2_141000000/Living1_141230000.jpg,candidate_true_AB_contact_sheets/logs/DAY2_141000000/Living1_141230000.stderr.txt,ok_reused
C005,DAY2_141000000,DAY2,Allie,ego,main/day2/Allie/video/14.mp4,14:14:30.000,869.9599999999991,candidate_true_AB_contact_sheets/frames/DAY2_141000000/Allie_141430000.jpg,candidate_true_AB_contact_sheets/logs/DAY2_141000000/Allie_141430000.stderr.txt,ok
C005,DAY2_141000000,DAY2,Bjorn,ego,main/day2/Bjorn/video/14.mp4,14:14:30.000,363.58000000000175,candidate_true_AB_contact_sheets/frames/DAY2_141000000/Bjorn_141430000.jpg,candidate_true_AB_contact_sheets/logs/DAY2_141000000/Bjorn_141430000.stderr.txt,ok
C005,DAY2_141000000,DAY2,Living1,static,main/day2/Living1/video/14.mp4,14:14:30.000,869.9199999999983,candidate_true_AB_contact_sheets/frames/DAY2_141000000/Living1_141430000.jpg,candidate_true_AB_contact_sheets/logs/DAY2_141000000/Living1_141430000.stderr.txt,ok
C006,DAY2_183500000,DAY2,Allie,ego,main/day2/Allie/video/18.mp4,18:37:30.000,2249.980000000003,candidate_true_AB_contact_sheets/frames/DAY2_183500000/Allie_183730000.jpg,candidate_true_AB_contact_sheets/logs/DAY2_183500000/Allie_183730000.stderr.txt,ok
C006,DAY2_183500000,DAY2,Bjorn,ego,main/day2/Bjorn/video/18.mp4,18:37:30.000,2249.9199999999983,candidate_true_AB_contact_sheets/frames/DAY2_183500000/Bjorn_183730000.jpg,candidate_true_AB_contact_sheets/logs/DAY2_183500000/Bjorn_183730000.stderr.txt,ok
C006,DAY2_183500000,DAY2,Cathal,ego,main/day2/Cathal/video/18.mp4,18:37:30.000,2249.959999999999,candidate_true_AB_contact_sheets/frames/DAY2_183500000/Cathal_183730000.jpg,candidate_true_AB_contact_sheets/logs/DAY2_183500000/Cathal_183730000.stderr.txt,ok
C006,DAY2_183500000,DAY2,Florian,ego,main/day2/Florian/video/18.mp4,18:37:30.000,2249.9199999999983,candidate_true_AB_contact_sheets/frames/DAY2_183500000/Florian_183730000.jpg,candidate_true_AB_contact_sheets/logs/DAY2_183500000/Florian_183730000.stderr.txt,ok
C006,DAY2_183500000,DAY2,Klaus,ego,main/day2/Klaus/video/18.mp4,18:37:30.000,341.0599999999977,candidate_true_AB_contact_sheets/frames/DAY2_183500000/Klaus_183730000.jpg,candidate_true_AB_contact_sheets/logs/DAY2_183500000/Klaus_183730000.stderr.txt,ok
C006,DAY2_183500000,DAY2,Luca,ego,main/day2/Luca/video/18.mp4,18:37:30.000,2249.9199999999983,candidate_true_AB_contact_sheets/frames/DAY2_183500000/Luca_183730000.jpg,candidate_true_AB_contact_sheets/logs/DAY2_183500000/Luca_183730000.stderr.txt,ok
C006,DAY2_183500000,DAY2,Onanong,ego,main/day2/Onanong/video/18.mp4,18:37:30.000,2249.959999999999,candidate_true_AB_contact_sheets/frames/DAY2_183500000/Onanong_183730000.jpg,candidate_true_AB_contact_sheets/logs/DAY2_183500000/Onanong_183730000.stderr.txt,ok
C006,DAY2_183500000,DAY2,Tien,ego,main/day2/Tien/video/18.mp4,18:37:30.000,2249.9199999999983,candidate_true_AB_contact_sheets/frames/DAY2_183500000/Tien_183730000.jpg,candidate_true_AB_contact_sheets/logs/DAY2_183500000/Tien_183730000.stderr.txt,ok
C006,DAY2_183500000,DAY2,Werner,ego,main/day2/Werner/video/18.mp4,18:37:30.000,2249.9199999999983,candidate_true_AB_contact_sheets/frames/DAY2_183500000/Werner_183730000.jpg,candidate_true_AB_contact_sheets/logs/DAY2_183500000/Werner_183730000.stderr.txt,ok
C006,DAY2_183500000,DAY2,Kitchen,static,main/day2/Kitchen/video/18.mp4,18:37:30.000,2250.0,candidate_true_AB_contact_sheets/frames/DAY2_183500000/Kitchen_183730000.jpg,candidate_true_AB_contact_sheets/logs/DAY2_183500000/Kitchen_183730000.stderr.txt,ok
C006,DAY2_183500000,DAY2,Living1,static,main/day2/Living1/video/18.mp4,18:37:30.000,2249.9199999999983,candidate_true_AB_contact_sheets/frames/DAY2_183500000/Living1_183730000.jpg,candidate_true_AB_contact_sheets/logs/DAY2_183500000/Living1_183730000.stderr.txt,ok
C006,DAY2_183500000,DAY2,Living2,static,main/day2/Living2/video/18.mp4,18:37:30.000,2249.9199999999983,candidate_true_AB_contact_sheets/frames/DAY2_183500000/Living2_183730000.jpg,candidate_true_AB_contact_sheets/logs/DAY2_183500000/Living2_183730000.stderr.txt,ok
C006,DAY2_183500000,DAY2,Meeting,static,main/day2/Meeting/video/18.mp4,18:37:30.000,2250.0,candidate_true_AB_contact_sheets/frames/DAY2_183500000/Meeting_183730000.jpg,candidate_true_AB_contact_sheets/logs/DAY2_183500000/Meeting_183730000.stderr.txt,ok
C006,DAY2_183500000,DAY2,Reading,static,main/day2/Reading/video/18.mp4,18:37:30.000,2249.959999999999,candidate_true_AB_contact_sheets/frames/DAY2_183500000/Reading_183730000.jpg,candidate_true_AB_contact_sheets/logs/DAY2_183500000/Reading_183730000.stderr.txt,ok
C006,DAY2_183500000,DAY2,Cathal,ego,main/day2/Cathal/video/18.mp4,18:35:30.000,2129.959999999999,candidate_true_AB_contact_sheets/frames/DAY2_183500000/Cathal_183530000.jpg,candidate_true_AB_contact_sheets/logs/DAY2_183500000/Cathal_183530000.stderr.txt,ok
C006,DAY2_183500000,DAY2,Onanong,ego,main/day2/Onanong/video/18.mp4,18:35:30.000,2129.959999999999,candidate_true_AB_contact_sheets/frames/DAY2_183500000/Onanong_183530000.jpg,candidate_true_AB_contact_sheets/logs/DAY2_183500000/Onanong_183530000.stderr.txt,ok
C006,DAY2_183500000,DAY2,Meeting,static,main/day2/Meeting/video/18.mp4,18:35:30.000,2130.0,candidate_true_AB_contact_sheets/frames/DAY2_183500000/Meeting_183530000.jpg,candidate_true_AB_contact_sheets/logs/DAY2_183500000/Meeting_183530000.stderr.txt,ok
C006,DAY2_183500000,DAY2,Cathal,ego,main/day2/Cathal/video/18.mp4,18:37:30.000,2249.959999999999,candidate_true_AB_contact_sheets/frames/DAY2_183500000/Cathal_183730000.jpg,candidate_true_AB_contact_sheets/logs/DAY2_183500000/Cathal_183730000.stderr.txt,ok_reused
C006,DAY2_183500000,DAY2,Onanong,ego,main/day2/Onanong/video/18.mp4,18:37:30.000,2249.959999999999,candidate_true_AB_contact_sheets/frames/DAY2_183500000/Onanong_183730000.jpg,candidate_true_AB_contact_sheets/logs/DAY2_183500000/Onanong_183730000.stderr.txt,ok_reused
C006,DAY2_183500000,DAY2,Meeting,static,main/day2/Meeting/video/18.mp4,18:37:30.000,2250.0,candidate_true_AB_contact_sheets/frames/DAY2_183500000/Meeting_183730000.jpg,candidate_true_AB_contact_sheets/logs/DAY2_183500000/Meeting_183730000.stderr.txt,ok_reused
C006,DAY2_183500000,DAY2,Cathal,ego,main/day2/Cathal/video/18.mp4,18:39:30.000,2369.959999999999,candidate_true_AB_contact_sheets/frames/DAY2_183500000/Cathal_183930000.jpg,candidate_true_AB_contact_sheets/logs/DAY2_183500000/Cathal_183930000.stderr.txt,ok
C006,DAY2_183500000,DAY2,Onanong,ego,main/day2/Onanong/video/18.mp4,18:39:30.000,2369.959999999999,candidate_true_AB_contact_sheets/frames/DAY2_183500000/Onanong_183930000.jpg,candidate_true_AB_contact_sheets/logs/DAY2_183500000/Onanong_183930000.stderr.txt,ok
C006,DAY2_183500000,DAY2,Meeting,static,main/day2/Meeting/video/18.mp4,18:39:30.000,2370.0,candidate_true_AB_contact_sheets/frames/DAY2_183500000/Meeting_183930000.jpg,candidate_true_AB_contact_sheets/logs/DAY2_183500000/Meeting_183930000.stderr.txt,ok
C007,DAY3_121500000,DAY3,Allie,ego,main/day3/Allie/video/12.mp4,12:17:30.000,1049.9400000000023,candidate_true_AB_contact_sheets/frames/DAY3_121500000/Allie_121730000.jpg,candidate_true_AB_contact_sheets/logs/DAY3_121500000/Allie_121730000.stderr.txt,ok
C007,DAY3_121500000,DAY3,Bjorn,ego,main/day3/Bjorn/video/12.mp4,12:17:30.000,1049.9800000000032,candidate_true_AB_contact_sheets/frames/DAY3_121500000/Bjorn_121730000.jpg,candidate_true_AB_contact_sheets/logs/DAY3_121500000/Bjorn_121730000.stderr.txt,ok
C007,DAY3_121500000,DAY3,Cathal,ego,main/day3/Cathal/video/12.mp4,12:17:30.000,1050.0,candidate_true_AB_contact_sheets/frames/DAY3_121500000/Cathal_121730000.jpg,candidate_true_AB_contact_sheets/logs/DAY3_121500000/Cathal_121730000.stderr.txt,ok
C007,DAY3_121500000,DAY3,Florian,ego,main/day3/Florian/video/12.mp4,12:17:30.000,1049.9599999999991,candidate_true_AB_contact_sheets/frames/DAY3_121500000/Florian_121730000.jpg,candidate_true_AB_contact_sheets/logs/DAY3_121500000/Florian_121730000.stderr.txt,ok
C007,DAY3_121500000,DAY3,Klaus,ego,main/day3/Klaus/video/12.mp4,12:17:30.000,1050.0,candidate_true_AB_contact_sheets/frames/DAY3_121500000/Klaus_121730000.jpg,candidate_true_AB_contact_sheets/logs/DAY3_121500000/Klaus_121730000.stderr.txt,ok
C007,DAY3_121500000,DAY3,Luca,ego,main/day3/Luca/video/12.mp4,12:17:30.000,1049.9599999999991,candidate_true_AB_contact_sheets/frames/DAY3_121500000/Luca_121730000.jpg,candidate_true_AB_contact_sheets/logs/DAY3_121500000/Luca_121730000.stderr.txt,ok
C007,DAY3_121500000,DAY3,Onanong,ego,main/day3/Onanong/video/12.mp4,12:17:30.000,1049.9800000000032,candidate_true_AB_contact_sheets/frames/DAY3_121500000/Onanong_121730000.jpg,candidate_true_AB_contact_sheets/logs/DAY3_121500000/Onanong_121730000.stderr.txt,ok
C007,DAY3_121500000,DAY3,Stevan,ego,main/day3/Stevan/video/12.mp4,12:17:30.000,1049.9800000000032,candidate_true_AB_contact_sheets/frames/DAY3_121500000/Stevan_121730000.jpg,candidate_true_AB_contact_sheets/logs/DAY3_121500000/Stevan_121730000.stderr.txt,ok
C007,DAY3_121500000,DAY3,Tien,ego,main/day3/Tien/video/12.mp4,12:17:30.000,1050.0,candidate_true_AB_contact_sheets/frames/DAY3_121500000/Tien_121730000.jpg,candidate_true_AB_contact_sheets/logs/DAY3_121500000/Tien_121730000.stderr.txt,ok
C007,DAY3_121500000,DAY3,Werner,ego,main/day3/Werner/video/12.mp4,12:17:30.000,197.23999999999796,candidate_true_AB_contact_sheets/frames/DAY3_121500000/Werner_121730000.jpg,candidate_true_AB_contact_sheets/logs/DAY3_121500000/Werner_121730000.stderr.txt,ok
C007,DAY3_121500000,DAY3,Kitchen,static,main/day3/Kitchen/video/12.mp4,12:17:30.000,1050.0,candidate_true_AB_contact_sheets/frames/DAY3_121500000/Kitchen_121730000.jpg,candidate_true_AB_contact_sheets/logs/DAY3_121500000/Kitchen_121730000.stderr.txt,ok
C007,DAY3_121500000,DAY3,Living1,static,main/day3/Living1/video/12.mp4,12:17:30.000,1049.9599999999991,candidate_true_AB_contact_sheets/frames/DAY3_121500000/Living1_121730000.jpg,candidate_true_AB_contact_sheets/logs/DAY3_121500000/Living1_121730000.stderr.txt,ok
C007,DAY3_121500000,DAY3,Living2,static,main/day3/Living2/video/12.mp4,12:17:30.000,1049.9800000000032,candidate_true_AB_contact_sheets/frames/DAY3_121500000/Living2_121730000.jpg,candidate_true_AB_contact_sheets/logs/DAY3_121500000/Living2_121730000.stderr.txt,ok
C007,DAY3_121500000,DAY3,Meeting,static,main/day3/Meeting/video/12.mp4,12:17:30.000,1049.9599999999991,candidate_true_AB_contact_sheets/frames/DAY3_121500000/Meeting_121730000.jpg,candidate_true_AB_contact_sheets/logs/DAY3_121500000/Meeting_121730000.stderr.txt,ok
C007,DAY3_121500000,DAY3,Reading,static,main/day3/Reading/video/12.mp4,12:17:30.000,1049.9199999999983,candidate_true_AB_contact_sheets/frames/DAY3_121500000/Reading_121730000.jpg,candidate_true_AB_contact_sheets/logs/DAY3_121500000/Reading_121730000.stderr.txt,ok
C007,DAY3_121500000,DAY3,Allie,ego,main/day3/Allie/video/12.mp4,12:15:30.000,929.9400000000023,candidate_true_AB_contact_sheets/frames/DAY3_121500000/Allie_121530000.jpg,candidate_true_AB_contact_sheets/logs/DAY3_121500000/Allie_121530000.stderr.txt,ok
C007,DAY3_121500000,DAY3,Cathal,ego,main/day3/Cathal/video/12.mp4,12:15:30.000,930.0,candidate_true_AB_contact_sheets/frames/DAY3_121500000/Cathal_121530000.jpg,candidate_true_AB_contact_sheets/logs/DAY3_121500000/Cathal_121530000.stderr.txt,ok
C007,DAY3_121500000,DAY3,Kitchen,static,main/day3/Kitchen/video/12.mp4,12:15:30.000,930.0,candidate_true_AB_contact_sheets/frames/DAY3_121500000/Kitchen_121530000.jpg,candidate_true_AB_contact_sheets/logs/DAY3_121500000/Kitchen_121530000.stderr.txt,ok
C007,DAY3_121500000,DAY3,Allie,ego,main/day3/Allie/video/12.mp4,12:17:30.000,1049.9400000000023,candidate_true_AB_contact_sheets/frames/DAY3_121500000/Allie_121730000.jpg,candidate_true_AB_contact_sheets/logs/DAY3_121500000/Allie_121730000.stderr.txt,ok_reused
C007,DAY3_121500000,DAY3,Cathal,ego,main/day3/Cathal/video/12.mp4,12:17:30.000,1050.0,candidate_true_AB_contact_sheets/frames/DAY3_121500000/Cathal_121730000.jpg,candidate_true_AB_contact_sheets/logs/DAY3_121500000/Cathal_121730000.stderr.txt,ok_reused
C007,DAY3_121500000,DAY3,Kitchen,static,main/day3/Kitchen/video/12.mp4,12:17:30.000,1050.0,candidate_true_AB_contact_sheets/frames/DAY3_121500000/Kitchen_121730000.jpg,candidate_true_AB_contact_sheets/logs/DAY3_121500000/Kitchen_121730000.stderr.txt,ok_reused
C007,DAY3_121500000,DAY3,Allie,ego,main/day3/Allie/video/12.mp4,12:19:30.000,1169.9400000000023,candidate_true_AB_contact_sheets/frames/DAY3_121500000/Allie_121930000.jpg,candidate_true_AB_contact_sheets/logs/DAY3_121500000/Allie_121930000.stderr.txt,ok
C007,DAY3_121500000,DAY3,Cathal,ego,main/day3/Cathal/video/12.mp4,12:19:30.000,1170.0,candidate_true_AB_contact_sheets/frames/DAY3_121500000/Cathal_121930000.jpg,candidate_true_AB_contact_sheets/logs/DAY3_121500000/Cathal_121930000.stderr.txt,ok
C007,DAY3_121500000,DAY3,Kitchen,static,main/day3/Kitchen/video/12.mp4,12:19:30.000,1170.0,candidate_true_AB_contact_sheets/frames/DAY3_121500000/Kitchen_121930000.jpg,candidate_true_AB_contact_sheets/logs/DAY3_121500000/Kitchen_121930000.stderr.txt,ok
C008,DAY4_100500000,DAY4,Allie,ego,main/day4/Allie/video/10.mp4,10:07:30.000,449.9599999999991,candidate_true_AB_contact_sheets/frames/DAY4_100500000/Allie_100730000.jpg,candidate_true_AB_contact_sheets/logs/DAY4_100500000/Allie_100730000.stderr.txt,ok
C008,DAY4_100500000,DAY4,Bao,ego,main/day4/Bao/video/10.mp4,10:07:30.000,450.0,candidate_true_AB_contact_sheets/frames/DAY4_100500000/Bao_100730000.jpg,candidate_true_AB_contact_sheets/logs/DAY4_100500000/Bao_100730000.stderr.txt,ok
C008,DAY4_100500000,DAY4,Bjorn,ego,main/day4/Bjorn/video/10.mp4,10:07:30.000,449.9599999999991,candidate_true_AB_contact_sheets/frames/DAY4_100500000/Bjorn_100730000.jpg,candidate_true_AB_contact_sheets/logs/DAY4_100500000/Bjorn_100730000.stderr.txt,ok
C008,DAY4_100500000,DAY4,Cathal,ego,main/day4/Cathal/video/10.mp4,10:07:30.000,449.9800000000032,candidate_true_AB_contact_sheets/frames/DAY4_100500000/Cathal_100730000.jpg,candidate_true_AB_contact_sheets/logs/DAY4_100500000/Cathal_100730000.stderr.txt,ok
C008,DAY4_100500000,DAY4,Florian,ego,main/day4/Florian/video/10.mp4,10:07:30.000,315.4599999999991,candidate_true_AB_contact_sheets/frames/DAY4_100500000/Florian_100730000.jpg,candidate_true_AB_contact_sheets/logs/DAY4_100500000/Florian_100730000.stderr.txt,ok
C008,DAY4_100500000,DAY4,Klaus,ego,main/day4/Klaus/video/10.mp4,10:07:30.000,449.91999999999825,candidate_true_AB_contact_sheets/frames/DAY4_100500000/Klaus_100730000.jpg,candidate_true_AB_contact_sheets/logs/DAY4_100500000/Klaus_100730000.stderr.txt,ok
C008,DAY4_100500000,DAY4,Luca,ego,main/day4/Luca/video/10.mp4,10:07:30.000,450.0,candidate_true_AB_contact_sheets/frames/DAY4_100500000/Luca_100730000.jpg,candidate_true_AB_contact_sheets/logs/DAY4_100500000/Luca_100730000.stderr.txt,ok
C008,DAY4_100500000,DAY4,Onanong,ego,main/day4/Onanong/video/10.mp4,10:07:30.000,449.9599999999991,candidate_true_AB_contact_sheets/frames/DAY4_100500000/Onanong_100730000.jpg,candidate_true_AB_contact_sheets/logs/DAY4_100500000/Onanong_100730000.stderr.txt,ok
C008,DAY4_100500000,DAY4,Stevan,ego,main/day4/Stevan/video/10.mp4,10:07:30.000,450.0,candidate_true_AB_contact_sheets/frames/DAY4_100500000/Stevan_100730000.jpg,candidate_true_AB_contact_sheets/logs/DAY4_100500000/Stevan_100730000.stderr.txt,ok
C008,DAY4_100500000,DAY4,Werner,ego,main/day4/Werner/video/10.mp4,10:07:30.000,449.9599999999991,candidate_true_AB_contact_sheets/frames/DAY4_100500000/Werner_100730000.jpg,candidate_true_AB_contact_sheets/logs/DAY4_100500000/Werner_100730000.stderr.txt,ok
C008,DAY4_100500000,DAY4,Kitchen,static,main/day4/Kitchen/video/10.mp4,10:07:30.000,449.91999999999825,candidate_true_AB_contact_sheets/frames/DAY4_100500000/Kitchen_100730000.jpg,candidate_true_AB_contact_sheets/logs/DAY4_100500000/Kitchen_100730000.stderr.txt,ok
C008,DAY4_100500000,DAY4,Living1,static,main/day4/Living1/video/10.mp4,10:07:30.000,449.91999999999825,candidate_true_AB_contact_sheets/frames/DAY4_100500000/Living1_100730000.jpg,candidate_true_AB_contact_sheets/logs/DAY4_100500000/Living1_100730000.stderr.txt,ok
C008,DAY4_100500000,DAY4,Living2,static,main/day4/Living2/video/10.mp4,10:07:30.000,449.9800000000032,candidate_true_AB_contact_sheets/frames/DAY4_100500000/Living2_100730000.jpg,candidate_true_AB_contact_sheets/logs/DAY4_100500000/Living2_100730000.stderr.txt,ok
C008,DAY4_100500000,DAY4,Meeting,static,main/day4/Meeting/video/10.mp4,10:07:30.000,450.0,candidate_true_AB_contact_sheets/frames/DAY4_100500000/Meeting_100730000.jpg,candidate_true_AB_contact_sheets/logs/DAY4_100500000/Meeting_100730000.stderr.txt,ok
C008,DAY4_100500000,DAY4,Reading,static,main/day4/Reading/video/10.mp4,10:07:30.000,450.0,candidate_true_AB_contact_sheets/frames/DAY4_100500000/Reading_100730000.jpg,candidate_true_AB_contact_sheets/logs/DAY4_100500000/Reading_100730000.stderr.txt,ok
C008,DAY4_100500000,DAY4,Allie,ego,main/day4/Allie/video/10.mp4,10:05:30.000,329.9599999999991,candidate_true_AB_contact_sheets/frames/DAY4_100500000/Allie_100530000.jpg,candidate_true_AB_contact_sheets/logs/DAY4_100500000/Allie_100530000.stderr.txt,ok
C008,DAY4_100500000,DAY4,Bao,ego,main/day4/Bao/video/10.mp4,10:05:30.000,330.0,candidate_true_AB_contact_sheets/frames/DAY4_100500000/Bao_100530000.jpg,candidate_true_AB_contact_sheets/logs/DAY4_100500000/Bao_100530000.stderr.txt,ok
C008,DAY4_100500000,DAY4,Living1,static,main/day4/Living1/video/10.mp4,10:05:30.000,329.91999999999825,candidate_true_AB_contact_sheets/frames/DAY4_100500000/Living1_100530000.jpg,candidate_true_AB_contact_sheets/logs/DAY4_100500000/Living1_100530000.stderr.txt,ok
C008,DAY4_100500000,DAY4,Allie,ego,main/day4/Allie/video/10.mp4,10:07:30.000,449.9599999999991,candidate_true_AB_contact_sheets/frames/DAY4_100500000/Allie_100730000.jpg,candidate_true_AB_contact_sheets/logs/DAY4_100500000/Allie_100730000.stderr.txt,ok_reused
C008,DAY4_100500000,DAY4,Bao,ego,main/day4/Bao/video/10.mp4,10:07:30.000,450.0,candidate_true_AB_contact_sheets/frames/DAY4_100500000/Bao_100730000.jpg,candidate_true_AB_contact_sheets/logs/DAY4_100500000/Bao_100730000.stderr.txt,ok_reused
C008,DAY4_100500000,DAY4,Living1,static,main/day4/Living1/video/10.mp4,10:07:30.000,449.91999999999825,candidate_true_AB_contact_sheets/frames/DAY4_100500000/Living1_100730000.jpg,candidate_true_AB_contact_sheets/logs/DAY4_100500000/Living1_100730000.stderr.txt,ok_reused
C008,DAY4_100500000,DAY4,Allie,ego,main/day4/Allie/video/10.mp4,10:09:30.000,569.9599999999991,candidate_true_AB_contact_sheets/frames/DAY4_100500000/Allie_100930000.jpg,candidate_true_AB_contact_sheets/logs/DAY4_100500000/Allie_100930000.stderr.txt,ok
C008,DAY4_100500000,DAY4,Bao,ego,main/day4/Bao/video/10.mp4,10:09:30.000,570.0,candidate_true_AB_contact_sheets/frames/DAY4_100500000/Bao_100930000.jpg,candidate_true_AB_contact_sheets/logs/DAY4_100500000/Bao_100930000.stderr.txt,ok
C008,DAY4_100500000,DAY4,Living1,static,main/day4/Living1/video/10.mp4,10:09:30.000,569.9199999999983,candidate_true_AB_contact_sheets/frames/DAY4_100500000/Living1_100930000.jpg,candidate_true_AB_contact_sheets/logs/DAY4_100500000/Living1_100930000.stderr.txt,ok
C009,DAY4_182500000,DAY4,Allie,ego,main/day4/Allie/video/18.mp4,18:27:30.000,707.6199999999953,candidate_true_AB_contact_sheets/frames/DAY4_182500000/Allie_182730000.jpg,candidate_true_AB_contact_sheets/logs/DAY4_182500000/Allie_182730000.stderr.txt,ok
C009,DAY4_182500000,DAY4,Bao,ego,main/day4/Bao/video/18.mp4,18:27:30.000,1249.1399999999994,candidate_true_AB_contact_sheets/frames/DAY4_182500000/Bao_182730000.jpg,candidate_true_AB_contact_sheets/logs/DAY4_182500000/Bao_182730000.stderr.txt,ok
C009,DAY4_182500000,DAY4,Bjorn,ego,main/day4/Bjorn/video/18.mp4,18:27:30.000,854.7599999999948,candidate_true_AB_contact_sheets/frames/DAY4_182500000/Bjorn_182730000.jpg,candidate_true_AB_contact_sheets/logs/DAY4_182500000/Bjorn_182730000.stderr.txt,ok
C009,DAY4_182500000,DAY4,Cathal,ego,main/day4/Cathal/video/18.mp4,18:27:30.000,1649.9800000000032,candidate_true_AB_contact_sheets/frames/DAY4_182500000/Cathal_182730000.jpg,candidate_true_AB_contact_sheets/logs/DAY4_182500000/Cathal_182730000.stderr.txt,ok
C009,DAY4_182500000,DAY4,Florian,ego,main/day4/Florian/video/18.mp4,18:27:30.000,732.8600000000006,candidate_true_AB_contact_sheets/frames/DAY4_182500000/Florian_182730000.jpg,candidate_true_AB_contact_sheets/logs/DAY4_182500000/Florian_182730000.stderr.txt,ok
C009,DAY4_182500000,DAY4,Klaus,ego,main/day4/Klaus/video/18.mp4,18:27:30.000,813.0399999999936,candidate_true_AB_contact_sheets/frames/DAY4_182500000/Klaus_182730000.jpg,candidate_true_AB_contact_sheets/logs/DAY4_182500000/Klaus_182730000.stderr.txt,ok
C009,DAY4_182500000,DAY4,Luca,ego,main/day4/Luca/video/18.mp4,18:27:30.000,1649.9199999999983,candidate_true_AB_contact_sheets/frames/DAY4_182500000/Luca_182730000.jpg,candidate_true_AB_contact_sheets/logs/DAY4_182500000/Luca_182730000.stderr.txt,ok
C009,DAY4_182500000,DAY4,Onanong,ego,main/day4/Onanong/video/18.mp4,18:27:30.000,368.11999999999534,candidate_true_AB_contact_sheets/frames/DAY4_182500000/Onanong_182730000.jpg,candidate_true_AB_contact_sheets/logs/DAY4_182500000/Onanong_182730000.stderr.txt,ok
C009,DAY4_182500000,DAY4,Stevan,ego,main/day4/Stevan/video/18.mp4,18:27:30.000,1412.8600000000006,candidate_true_AB_contact_sheets/frames/DAY4_182500000/Stevan_182730000.jpg,candidate_true_AB_contact_sheets/logs/DAY4_182500000/Stevan_182730000.stderr.txt,ok
C009,DAY4_182500000,DAY4,Werner,ego,main/day4/Werner/video/18.mp4,18:27:30.000,589.6000000000058,candidate_true_AB_contact_sheets/frames/DAY4_182500000/Werner_182730000.jpg,candidate_true_AB_contact_sheets/logs/DAY4_182500000/Werner_182730000.stderr.txt,ok
C009,DAY4_182500000,DAY4,Kitchen,static,main/day4/Kitchen/video/18.mp4,18:27:30.000,1649.9199999999983,candidate_true_AB_contact_sheets/frames/DAY4_182500000/Kitchen_182730000.jpg,candidate_true_AB_contact_sheets/logs/DAY4_182500000/Kitchen_182730000.stderr.txt,ok
C009,DAY4_182500000,DAY4,Living1,static,main/day4/Living1/video/18.mp4,18:27:30.000,1649.9199999999983,candidate_true_AB_contact_sheets/frames/DAY4_182500000/Living1_182730000.jpg,candidate_true_AB_contact_sheets/logs/DAY4_182500000/Living1_182730000.stderr.txt,ok
C009,DAY4_182500000,DAY4,Living2,static,main/day4/Living2/video/18.mp4,18:27:30.000,1649.9800000000032,candidate_true_AB_contact_sheets/frames/DAY4_182500000/Living2_182730000.jpg,candidate_true_AB_contact_sheets/logs/DAY4_182500000/Living2_182730000.stderr.txt,ok
C009,DAY4_182500000,DAY4,Meeting,static,main/day4/Meeting/video/18.mp4,18:27:30.000,1650.0,candidate_true_AB_contact_sheets/frames/DAY4_182500000/Meeting_182730000.jpg,candidate_true_AB_contact_sheets/logs/DAY4_182500000/Meeting_182730000.stderr.txt,ok
C009,DAY4_182500000,DAY4,Luca,ego,main/day4/Luca/video/18.mp4,18:25:30.000,1529.9199999999983,candidate_true_AB_contact_sheets/frames/DAY4_182500000/Luca_182530000.jpg,candidate_true_AB_contact_sheets/logs/DAY4_182500000/Luca_182530000.stderr.txt,ok
C009,DAY4_182500000,DAY4,Werner,ego,main/day4/Werner/video/18.mp4,18:25:30.000,469.6000000000058,candidate_true_AB_contact_sheets/frames/DAY4_182500000/Werner_182530000.jpg,candidate_true_AB_contact_sheets/logs/DAY4_182500000/Werner_182530000.stderr.txt,ok
C009,DAY4_182500000,DAY4,Meeting,static,main/day4/Meeting/video/18.mp4,18:25:30.000,1530.0,candidate_true_AB_contact_sheets/frames/DAY4_182500000/Meeting_182530000.jpg,candidate_true_AB_contact_sheets/logs/DAY4_182500000/Meeting_182530000.stderr.txt,ok
C009,DAY4_182500000,DAY4,Luca,ego,main/day4/Luca/video/18.mp4,18:27:30.000,1649.9199999999983,candidate_true_AB_contact_sheets/frames/DAY4_182500000/Luca_182730000.jpg,candidate_true_AB_contact_sheets/logs/DAY4_182500000/Luca_182730000.stderr.txt,ok_reused
C009,DAY4_182500000,DAY4,Werner,ego,main/day4/Werner/video/18.mp4,18:27:30.000,589.6000000000058,candidate_true_AB_contact_sheets/frames/DAY4_182500000/Werner_182730000.jpg,candidate_true_AB_contact_sheets/logs/DAY4_182500000/Werner_182730000.stderr.txt,ok_reused
C009,DAY4_182500000,DAY4,Meeting,static,main/day4/Meeting/video/18.mp4,18:27:30.000,1650.0,candidate_true_AB_contact_sheets/frames/DAY4_182500000/Meeting_182730000.jpg,candidate_true_AB_contact_sheets/logs/DAY4_182500000/Meeting_182730000.stderr.txt,ok_reused
C009,DAY4_182500000,DAY4,Luca,ego,main/day4/Luca/video/18.mp4,18:29:30.000,1769.9199999999983,candidate_true_AB_contact_sheets/frames/DAY4_182500000/Luca_182930000.jpg,candidate_true_AB_contact_sheets/logs/DAY4_182500000/Luca_182930000.stderr.txt,ok
C009,DAY4_182500000,DAY4,Werner,ego,main/day4/Werner/video/18.mp4,18:29:30.000,709.6000000000058,candidate_true_AB_contact_sheets/frames/DAY4_182500000/Werner_182930000.jpg,candidate_true_AB_contact_sheets/logs/DAY4_182500000/Werner_182930000.stderr.txt,ok
C009,DAY4_182500000,DAY4,Meeting,static,main/day4/Meeting/video/18.mp4,18:29:30.000,1770.0,candidate_true_AB_contact_sheets/frames/DAY4_182500000/Meeting_182930000.jpg,candidate_true_AB_contact_sheets/logs/DAY4_182500000/Meeting_182930000.stderr.txt,ok
